-- phpMyAdmin SQL Dump
-- version 5.2.1
-- https://www.phpmyadmin.net/
--
-- Host: 127.0.0.1
-- Waktu pembuatan: 01 Agu 2024 pada 03.08
-- Versi server: 10.4.28-MariaDB
-- Versi PHP: 7.4.33

SET SQL_MODE = "NO_AUTO_VALUE_ON_ZERO";
START TRANSACTION;
SET time_zone = "+00:00";


/*!40101 SET @OLD_CHARACTER_SET_CLIENT=@@CHARACTER_SET_CLIENT */;
/*!40101 SET @OLD_CHARACTER_SET_RESULTS=@@CHARACTER_SET_RESULTS */;
/*!40101 SET @OLD_COLLATION_CONNECTION=@@COLLATION_CONNECTION */;
/*!40101 SET NAMES utf8mb4 */;

--
-- Database: `helpdesk`
--

-- --------------------------------------------------------

--
-- Struktur dari tabel `absensi`
--

CREATE TABLE `absensi` (
  `nik` varchar(10) NOT NULL,
  `nama` varchar(255) DEFAULT NULL,
  `status_absensi` int(11) DEFAULT NULL
) ENGINE=InnoDB DEFAULT CHARSET=utf8mb4 COLLATE=utf8mb4_general_ci;

--
-- Dumping data untuk tabel `absensi`
--

INSERT INTO `absensi` (`nik`, `nama`, `status_absensi`) VALUES
('18810028', 'Rahmad', 1),
('18830044', 'Kurniawanto Fitrianto ', 1),
('18890075', 'Alux Permana', 1),
('18900157', 'Indra Lesmono', 1),
('18910110', 'M Munir Amri', 0),
('18910245', 'M Zainuddin Nasichin', 0),
('18920452', 'Reza D', 0),
('18930417', 'Bayu Agus S', 0),
('18940727', 'Dheak Aprilianto', 0),
('18950607', 'Juwini', 0),
('18950833', 'Harun Al Rasyid', 0),
('18950920', 'Suryo Adi W', 0),
('18980405', 'Yudivan Ilham', 0),
('19870032', 'Indra Bayu', 0),
('19890059', 'Moch Samsul Arifin', 0),
('19890061', 'Deddy Afrianto', 0),
('19900087', 'Jimmi Feto', 0),
('19910112', 'Irchamsyah Purnama', 0),
('19919111', 'Desi H', 0),
('19920124', 'Dennis Bagus', 0),
('19930165', 'Malik Ibrahim', 0),
('19930166', 'Amiruddin', 0),
('19930170', 'Ferdiawan ', 0),
('19940151', 'Anggun Yulianto', 0),
('19940153', 'Gilang Candra', 0),
('19950191', 'Aufar Danu P', 0),
('19970172', 'Erick Yosafat', 0),
('19970173', 'Aditya Yudha', 0),
('20860005', 'Nur Hasan', 0),
('20860006', 'Decky Arifianto', 0),
('20870010', 'Roni', 0),
('20870085', 'Ary Destyan', 0),
('20880009', 'Hermansah', 0),
('20880126', 'Zainul PP', 0),
('20890007', 'Neil Muda', 0),
('20900012', 'Abdul Rahmat Ashari', 0),
('20900013', 'Ersa Fauzi', 0),
('2090211', 'M. Amrozi', 0),
('20920028', 'Satria Aji Maulana', 0),
('20920778', 'Andrianto F', 0),
('20920790', 'Febrianto', 0),
('20920824', 'Hendro Eko Wicaksono', 0),
('20930023', 'Lukman ', 0),
('20940020', 'Arif S', 0),
('20940762', 'Ahmad Fitrah Arfani', 0),
('20941126', 'Fauzi Nur Alfat', 0),
('20960020', 'Sugianto', 1),
('20960031', 'Dedi Aswanto', 0),
('20970061', 'Dimas D', 0);

-- --------------------------------------------------------

--
-- Struktur dari tabel `bagian_departemen`
--

CREATE TABLE `bagian_departemen` (
  `id_bagian_dept` int(11) NOT NULL,
  `nama_bagian_dept` varchar(100) NOT NULL,
  `id_dept` int(11) NOT NULL
) ENGINE=InnoDB DEFAULT CHARSET=latin1 COLLATE=latin1_swedish_ci;

--
-- Dumping data untuk tabel `bagian_departemen`
--

INSERT INTO `bagian_departemen` (`id_bagian_dept`, `nama_bagian_dept`, `id_dept`) VALUES
(20, 'Prov BGES', 14),
(21, 'TOS', 14),
(22, 'IOAN RKT', 11),
(31, 'Assurance BGES', 14);

-- --------------------------------------------------------

--
-- Struktur dari tabel `departemen`
--

CREATE TABLE `departemen` (
  `id_dept` int(11) NOT NULL,
  `nama_dept` varchar(30) NOT NULL
) ENGINE=InnoDB DEFAULT CHARSET=latin1 COLLATE=latin1_swedish_ci;

--
-- Dumping data untuk tabel `departemen`
--

INSERT INTO `departemen` (`id_dept`, `nama_dept`) VALUES
(11, 'IOAN'),
(13, 'Maintenance'),
(14, 'BGES');

-- --------------------------------------------------------

--
-- Struktur dari tabel `informasi`
--

CREATE TABLE `informasi` (
  `id_informasi` int(11) NOT NULL,
  `tanggal` datetime NOT NULL,
  `subject` varchar(35) NOT NULL,
  `pesan` varchar(250) NOT NULL,
  `id_user` varchar(10) NOT NULL
) ENGINE=InnoDB DEFAULT CHARSET=latin1 COLLATE=latin1_swedish_ci;

--
-- Dumping data untuk tabel `informasi`
--

INSERT INTO `informasi` (`id_informasi`, `tanggal`, `subject`, `pesan`, `id_user`) VALUES
(3, '2024-03-26 09:32:06', 'Change your password!', 'Please change your password after the first login to secure your account', 'A000000'),
(4, '2024-04-02 00:40:40', 'Jumlah Total Pelanggan DATIN', '2171', 'A000000'),
(5, '2024-03-24 12:09:13', 'Jumlah Total Pelanggan HSI', '21138', 'A000000'),
(6, '2024-03-26 09:05:58', 'Jumlah Total Pelanggan VOICE', '40683', 'A000000'),
(7, '2024-07-01 11:38:33', 'UNSPEC K1', '2', '22000144'),
(8, '2024-06-30 17:31:34', 'UNSPEC K2', '22', '22000144'),
(9, '2024-06-30 17:31:41', 'UNSPEC K3', '33', '22000144'),
(10, '2024-06-30 17:34:21', 'VALID', '525', '22000144'),
(11, '2024-06-30 17:34:32', 'NOT VALID', '32', '22000144');

-- --------------------------------------------------------

--
-- Struktur dari tabel `jabatan`
--

CREATE TABLE `jabatan` (
  `id_jabatan` int(11) NOT NULL,
  `nama_jabatan` varchar(100) NOT NULL
) ENGINE=InnoDB DEFAULT CHARSET=latin1 COLLATE=latin1_swedish_ci;

--
-- Dumping data untuk tabel `jabatan`
--

INSERT INTO `jabatan` (`id_jabatan`, `nama_jabatan`) VALUES
(124, 'Supervisor'),
(125, 'Helpdesk'),
(126, 'AssMan'),
(127, 'Manager'),
(133, 'Teknisi'),
(134, 'Team Leader'),
(135, 'Superadmin');

-- --------------------------------------------------------

--
-- Struktur dari tabel `jumlah_plgn`
--

CREATE TABLE `jumlah_plgn` (
  `id_jumlah` int(11) NOT NULL,
  `nama_plgn` varchar(50) NOT NULL,
  `total_jumlah` int(11) NOT NULL
) ENGINE=InnoDB DEFAULT CHARSET=utf8mb4 COLLATE=utf8mb4_general_ci;

--
-- Dumping data untuk tabel `jumlah_plgn`
--

INSERT INTO `jumlah_plgn` (`id_jumlah`, `nama_plgn`, `total_jumlah`) VALUES
(1, 'DATIN', 2570),
(2, 'HSI', 12350);

-- --------------------------------------------------------

--
-- Struktur dari tabel `karyawan`
--

CREATE TABLE `karyawan` (
  `nik` varchar(10) NOT NULL,
  `nama` varchar(255) NOT NULL,
  `email` varchar(255) NOT NULL,
  `id_bagian_dept` int(11) NOT NULL,
  `id_jabatan` int(11) NOT NULL
) ENGINE=InnoDB DEFAULT CHARSET=latin1 COLLATE=latin1_swedish_ci;

--
-- Dumping data untuk tabel `karyawan`
--

INSERT INTO `karyawan` (`nik`, `nama`, `email`, `id_bagian_dept`, `id_jabatan`) VALUES
('17900219', 'Rendy Satria', '-', 31, 134),
('18810028', 'Rahmad', '-', 31, 133),
('18830044', 'Kurniawanto Fitrianto ', '-', 31, 133),
('18890075', 'Alux Permana', '-', 31, 133),
('18900157', 'Indra Lesmono', '-', 21, 133),
('18910110', 'M Munir Amri', '-', 31, 133),
('18910208', 'Ghielang Wahyu', 'ghilang@gmail.com', 31, 134),
('18910245', 'M Zainuddin Nasichin', '-', 31, 133),
('18920452', 'Reza D', '-', 31, 133),
('18930417', 'Bayu Agus S', 'bayuagus@gmail.com', 31, 133),
('18940727', 'Dheak Aprilianto', '-', 31, 133),
('18950607', 'Juwini', '-', 31, 133),
('18950833', 'Harun Al Rasyid', 'harun@gmail.com', 31, 133),
('18950920', 'Suryo Adi W', 'suryoli@gmail.com', 31, 133),
('18980405', 'Yudivan Ilham', 'yudivan@gmail.com', 31, 133),
('19870032', 'Indra Bayu', '-', 21, 133),
('19890059', 'Moch Samsul Arifin', '-', 31, 133),
('19890061', 'Deddy Afrianto', 'deddyaf@gmail.com', 31, 133),
('19900087', 'Jimmi Feto', 'jimmifeto@gmail.com', 31, 133),
('19910112', 'Irchamsyah Purnama', 'irchampur@gmail.com', 31, 133),
('19919111', 'Desi H', '-', 31, 133),
('19920124', 'Dennis Bagus', 'dennisb@gmail.com', 21, 133),
('19930165', 'Malik Ibrahim', 'malikibrahim@gmail.com', 31, 133),
('19930166', 'Amiruddin', '-', 31, 133),
('19930170', 'Ferdiawan ', 'ferdi@gmail.com', 31, 133),
('19940151', 'Anggun Yulianto', '-', 31, 133),
('19940153', 'Gilang Candra', '-', 31, 133),
('19950171', 'Imam Maliki', '-', 31, 125),
('19950191', 'Aufar Danu P', 'aufard@gmail.com', 31, 133),
('19970172', 'Erick Yosafat', 'ericky@gmail.com', 31, 133),
('19970173', 'Aditya Yudha', 'adityud@gmail.com', 21, 133),
('20860005', 'Nur Hasan', 'hasannur@gmail.com', 31, 133),
('20860006', 'Decky Arifianto', '-', 31, 133),
('20870010', 'Roni', 'ronron@gmail.com', 31, 133),
('20870085', 'Ary Destyan', '-', 31, 133),
('20880009', 'Hermansah', '-', 31, 133),
('20880126', 'Zainul PP', 'zainulpp@gmail.com', 31, 133),
('20890007', 'Neil Muda', '-', 31, 133),
('20900012', 'Abdul Rahmat Ashari', '-', 31, 133),
('20900013', 'Ersa Fauzi', 'ersafauzi@gmail.com', 31, 133),
('20900332', 'Hendra Septyawan', '-', 31, 134),
('2090211', 'M. Amrozi', 'rossi@gmail.com', 31, 133),
('20920028', 'Satria Aji Maulana', 'satriaaji@gmail.com', 31, 133),
('20920778', 'Andrianto F', '-', 31, 133),
('20920790', 'Febrianto', 'febrianto@gmail.com', 31, 133),
('20920791', 'Isa', '-', 31, 125),
('20920824', 'Hendro Eko Wicaksono', '-', 31, 133),
('20930023', 'Lukman ', 'lukmandmo@gmail.com', 31, 133),
('20940020', 'Arif S', 'arifs@gmail.com', 31, 133),
('20940762', 'Ahmad Fitrah Arfani', '-', 31, 133),
('20940780', 'Gani Setiawan', 'ganisetiawan@gmail.com', 31, 125),
('20941126', 'Fauzi Nur Alfat', 'fauzinur@gmail.com', 31, 133),
('20960020', 'Sugianto', 'sugianto@gmail.com', 31, 133),
('20960031', 'Dedi Aswanto', '-', 21, 133),
('20970061', 'Dimas D', '-', 31, 133),
('20971111', 'Hendri Syahputra', 'hendrisyahputra7@gmail.com', 31, 135),
('20971115', 'M Yusuf B', '-', 31, 125),
('22000144', 'Pria Wahyu S', '-', 31, 125),
('A000000', 'Superadmin', 'ccan.asr.sbs@gmail.com', 31, 135);

-- --------------------------------------------------------

--
-- Struktur dari tabel `kategori`
--

CREATE TABLE `kategori` (
  `id_kategori` int(11) NOT NULL,
  `nama_kategori` varchar(35) NOT NULL
) ENGINE=InnoDB DEFAULT CHARSET=latin1 COLLATE=latin1_swedish_ci;

--
-- Dumping data untuk tabel `kategori`
--

INSERT INTO `kategori` (`id_kategori`, `nama_kategori`) VALUES
(1, 'Reguler'),
(2, 'Valins'),
(3, 'Unspec'),
(4, 'Preventive'),
(5, 'Gamas'),
(6, 'SQM'),
(7, 'Tangible'),
(8, 'HVC'),
(9, 'EXT (MTEL, TIS, LA)');

-- --------------------------------------------------------

--
-- Struktur dari tabel `kondisi`
--

CREATE TABLE `kondisi` (
  `id_kondisi` int(11) NOT NULL,
  `nama_kondisi` varchar(30) NOT NULL,
  `waktu_respon` int(11) NOT NULL,
  `warna` varchar(30) NOT NULL
) ENGINE=InnoDB DEFAULT CHARSET=latin1 COLLATE=latin1_swedish_ci;

--
-- Dumping data untuk tabel `kondisi`
--

INSERT INTO `kondisi` (`id_kondisi`, `nama_kondisi`, `waktu_respon`, `warna`) VALUES
(1, 'K1', 90, '#FF0008'),
(2, 'K2', 150, '#FAF200'),
(3, 'K3', 180, '#1EFF00'),
(4, 'HSI', 180, '#0080FF'),
(5, 'VOICE', 180, '#BF00BF');

-- --------------------------------------------------------

--
-- Struktur dari tabel `lokasi`
--

CREATE TABLE `lokasi` (
  `id_lokasi` int(11) NOT NULL,
  `lokasi` varchar(128) NOT NULL
) ENGINE=InnoDB DEFAULT CHARSET=latin1 COLLATE=latin1_swedish_ci;

--
-- Dumping data untuk tabel `lokasi`
--

INSERT INTO `lokasi` (`id_lokasi`, `lokasi`) VALUES
(1, 'MYR'),
(2, 'KTT'),
(6, 'TPO'),
(7, 'WRU'),
(9, 'RKT'),
(10, 'GBG'),
(11, 'IJK'),
(12, 'DMO'),
(13, 'JGR');

-- --------------------------------------------------------

--
-- Struktur dari tabel `rca`
--

CREATE TABLE `rca` (
  `id_rca` int(11) NOT NULL,
  `rca` varchar(255) NOT NULL
) ENGINE=InnoDB DEFAULT CHARSET=utf8mb4 COLLATE=utf8mb4_general_ci;

--
-- Dumping data untuk tabel `rca`
--

INSERT INTO `rca` (`id_rca`, `rca`) VALUES
(1, 'CPE'),
(2, 'DISTRIBUSI'),
(3, 'DROPCORE'),
(4, 'FEEDER'),
(5, 'IKR / IKG'),
(6, 'LAIN LAIN'),
(7, 'LOGIC'),
(8, 'ODC'),
(9, 'ODP'),
(10, 'OLT / ME'),
(11, 'ONT'),
(12, 'OTB'),
(13, 'PATCHCORD'),
(14, 'STB');

-- --------------------------------------------------------

--
-- Struktur dari tabel `rfo`
--

CREATE TABLE `rfo` (
  `id_rfo` int(11) NOT NULL,
  `rfo` varchar(255) NOT NULL
) ENGINE=InnoDB DEFAULT CHARSET=utf8mb4 COLLATE=utf8mb4_general_ci;

--
-- Dumping data untuk tabel `rfo`
--

INSERT INTO `rfo` (`id_rfo`, `rfo`) VALUES
(1, 'EDUKASI PELANGGAN'),
(2, 'SETTING / GANTI (ONT / STB)'),
(3, 'KONFIG ONT'),
(4, 'IKR / IKG ULANG'),
(5, 'GANTI PATCH CORD'),
(6, 'SAMBUNG DC'),
(7, 'TARIK ULANG DC'),
(8, 'PEMBERSIHAN KONEKTOR / ADAPTOR SC'),
(9, 'REPLUG KONEKTOR'),
(10, 'SAMBUNG DISTRIBUSI'),
(11, 'GANTI PASSIVE'),
(12, 'SAMBUNG KU'),
(13, 'THROUGH CONNECT'),
(14, 'TEMPORER IMBAS GAMAS'),
(15, 'MONITOR GAMAS'),
(16, 'BYPASS LAYANAN'),
(17, 'LAIN-LAIN');

-- --------------------------------------------------------

--
-- Struktur dari tabel `sub_kategori`
--

CREATE TABLE `sub_kategori` (
  `id_sub_kategori` int(11) NOT NULL,
  `nama_sub_kategori` varchar(35) NOT NULL,
  `id_kategori` int(11) NOT NULL
) ENGINE=InnoDB DEFAULT CHARSET=latin1 COLLATE=latin1_swedish_ci;

--
-- Dumping data untuk tabel `sub_kategori`
--

INSERT INTO `sub_kategori` (`id_sub_kategori`, `nama_sub_kategori`, `id_kategori`) VALUES
(1, 'Prev Datin', 4),
(2, 'Unspec Datin', 3),
(3, 'Reguler Datin', 1),
(4, 'Valins Datin', 2),
(5, 'Reguler HSI', 1),
(6, 'Prev HSI', 4),
(7, 'Unspec HSI', 3),
(8, 'Valins HSI', 2),
(9, 'SQM HSI', 6),
(10, 'Tangible HSI', 7),
(11, 'Reguler Voice', 1),
(12, 'Valins Voice', 2),
(13, 'Unspec Voice', 3),
(14, 'Prev Voice', 4),
(15, 'SQM Voice', 6),
(16, 'Tangible Voice', 7);

-- --------------------------------------------------------

--
-- Struktur dari tabel `teknisi`
--

CREATE TABLE `teknisi` (
  `id_teknisi` varchar(5) NOT NULL,
  `nik` varchar(10) NOT NULL,
  `id_kategori` int(11) NOT NULL
) ENGINE=InnoDB DEFAULT CHARSET=latin1 COLLATE=latin1_swedish_ci;

-- --------------------------------------------------------

--
-- Struktur dari tabel `ticket`
--

CREATE TABLE `ticket` (
  `id_ticket` varchar(13) NOT NULL,
  `tanggal` varchar(20) NOT NULL,
  `deadline` datetime NOT NULL,
  `last_update` datetime NOT NULL,
  `tanggal_proses` datetime NOT NULL,
  `tanggal_solved` datetime NOT NULL,
  `reported` varchar(10) NOT NULL,
  `id_sub_kategori` int(11) NOT NULL,
  `problem_summary` varchar(50) NOT NULL,
  `problem_detail` text NOT NULL,
  `teknisi` varchar(10) NOT NULL,
  `teknisi_2` varchar(10) DEFAULT NULL,
  `status` int(11) NOT NULL,
  `progress` decimal(10,0) NOT NULL,
  `filefoto` text NOT NULL,
  `id_lokasi` int(11) NOT NULL,
  `id_kondisi` int(11) NOT NULL
) ENGINE=InnoDB DEFAULT CHARSET=latin1 COLLATE=latin1_swedish_ci;

--
-- Dumping data untuk tabel `ticket`
--

INSERT INTO `ticket` (`id_ticket`, `tanggal`, `deadline`, `last_update`, `tanggal_proses`, `tanggal_solved`, `reported`, `id_sub_kategori`, `problem_summary`, `problem_detail`, `teknisi`, `teknisi_2`, `status`, `progress`, `filefoto`, `id_lokasi`, `id_kondisi`) VALUES
('coba', '2024-07-11 10:42:00', '2024-07-11 13:12:00', '2024-07-30 08:22:32', '2024-07-30 08:22:32', '0000-00-00 00:00:00', '17900219', 5, '1212', 'As', '20960020', NULL, 4, 0, 'photo_2024-06-15_11-58-49.jpg', 2, 2),
('INC001', '2024-06-28 12:35:05', '2024-06-28 15:35:05', '2024-06-29 16:39:16', '2024-06-28 12:45:11', '0000-00-00 00:00:00', '18910208', 3, '10000011', 'Los', '20940762', NULL, 4, 60, 'photo_2024-02-02_13-58-432.png', 12, 3),
('INC03292121', '2024-07-31 11:49:00', '2024-07-31 14:49:00', '2024-07-31 06:52:00', '2024-07-31 06:51:41', '2024-07-31 06:52:00', '17900219', 5, '122313324234', 'Isi Deskripsi', '18900157', '20960020', 6, 100, 'photo_2024-06-19_11-35-282.jpg', 9, 4),
('INC10009025', '2024-05-10 23:43:48', '2024-05-11 02:43:48', '2024-05-10 23:55:49', '2024-05-10 23:55:09', '2024-05-10 23:55:49', '18910208', 5, '152301108813', 'LOS', '19930165', NULL, 6, 100, 'Screenshot_104.jpg', 12, 4),
('INC10133368', '2024-05-10 19:08:05', '2024-05-10 22:08:05', '2024-05-10 19:43:45', '2024-05-10 19:43:08', '2024-05-10 19:43:45', '18910208', 3, '1214544019', 'Distribusi LOS', '20920028', NULL, 6, 100, 'Screenshot_63.jpg', 12, 3),
('INC10186848', '2024-05-10 18:59:21', '2024-05-10 21:59:21', '2024-05-10 19:25:01', '2024-05-10 19:19:14', '2024-05-10 19:25:01', '18910208', 5, '152302216821', 'PDA', '20940762', NULL, 6, 100, 'Screenshot_16.jpg', 7, 4),
('INC10187864', '2024-05-10 19:03:28', '2024-05-10 22:03:28', '2024-05-10 19:36:41', '2024-05-10 19:34:36', '2024-05-10 19:36:41', '18910208', 11, '03199441777', 'Telp matot', '20900013', NULL, 6, 100, 'Screenshot_45.jpg', 7, 5),
('INC10213008', '2024-05-05 13:50:11', '2024-05-05 16:50:11', '2024-05-05 13:52:09', '2024-05-05 13:51:39', '2024-05-05 13:52:09', '18910208', 5, '152302220898', 'LOS', '20940762', NULL, 6, 100, 'Screenshot_15.jpg', 7, 4),
('INC10215165', '2024-05-10 20:15:27', '2024-05-10 23:15:27', '2024-05-10 20:35:59', '2024-05-10 20:35:35', '2024-05-10 20:35:59', '18910208', 5, '152302130078', 'LOS', '20940762', NULL, 6, 100, 'Screenshot_84.jpg', 7, 4),
('INC10225586', '2024-05-10 19:00:49', '2024-05-10 22:00:49', '2024-05-10 19:29:04', '2024-05-10 19:27:49', '2024-05-10 19:29:04', '18910208', 5, '152303108218', 'Modem Indikator Merah', '19930170', NULL, 6, 100, 'Screenshot_25.jpg', 1, 4),
('INC10227454', '2024-05-10 19:13:18', '2024-05-10 22:13:18', '2024-05-10 19:42:37', '2024-05-10 19:41:27', '2024-05-10 19:42:37', '18910208', 5, '152301260550', 'Lampu inet padam', '19919111', NULL, 6, 100, 'Screenshot_102.jpg', 12, 4),
('INC10228515', '2024-05-10 19:01:55', '2024-05-10 22:01:55', '2024-05-10 19:25:58', '2024-05-10 19:19:20', '2024-05-10 19:25:58', '18910208', 5, '152302218963', 'Modem matot', '20940762', NULL, 6, 100, 'Screenshot_36.jpg', 7, 4),
('INC10230534', '2024-05-10 19:56:43', '2024-05-10 22:56:43', '2024-05-10 20:26:35', '2024-05-10 20:25:48', '2024-05-10 20:26:35', '18910208', 11, '0318438883', 'Modem LOS merah', '20870085', NULL, 6, 100, 'Screenshot_37.jpg', 9, 5),
('INC10230876', '2024-05-10 19:55:16', '2024-05-10 22:55:16', '2024-05-10 20:27:13', '2024-05-10 20:25:43', '2024-05-10 20:27:13', '18910208', 5, '152308227901', 'Usee TV tidak bisa', '20870085', NULL, 6, 100, 'Screenshot_26.jpg', 9, 4),
('INC10231510', '2024-05-10 19:10:23', '2024-05-10 22:10:23', '2024-05-10 19:31:02', '2024-05-10 19:29:46', '2024-05-10 19:31:02', '18910208', 11, '0315678703', 'Telp tidak bisa', '20930023', NULL, 6, 100, 'Screenshot_83.jpg', 12, 5),
('INC10231684', '2024-05-10 19:53:15', '2024-05-10 22:53:15', '2024-05-10 20:33:56', '2024-05-10 20:32:40', '2024-05-10 20:33:56', '18910208', 11, '0315684992', 'Tlp tidak bisa', '20930023', NULL, 6, 100, 'Screenshot_17.jpg', 12, 5),
('INC10233171', '2024-05-10 19:05:53', '2024-05-10 22:05:53', '2024-05-10 19:33:58', '2024-05-10 19:33:17', '2024-05-10 19:33:58', '18910208', 5, '152320102181', 'Inet tidak bisa ', '20970061', NULL, 6, 100, 'Screenshot_56.jpg', 10, 4),
('INC10238139', '2024-05-10 20:04:14', '2024-05-10 23:04:14', '2024-05-10 20:35:15', '2024-05-10 20:34:51', '2024-05-10 20:35:15', '18910208', 3, '1546145742', ' INAFIS  POLDA JATIM GD. DITRESKRIMSUS LT.01 R.LABTOPOL', '19890061', NULL, 6, 100, 'Screenshot_74.jpg', 11, 3),
('INC10240438', '2024-05-10 19:58:17', '2024-05-10 22:58:17', '2024-05-10 20:28:09', '2024-05-10 20:25:54', '2024-05-10 20:28:09', '18910208', 11, '0318418299', 'Telp NOK', '20870085', NULL, 6, 100, 'Screenshot_46.jpg', 9, 5),
('INC10242154', '2024-05-10 19:11:58', '2024-05-10 22:11:58', '2024-05-10 19:32:11', '2024-05-10 19:29:41', '2024-05-10 19:32:11', '18910208', 3, '1917293007', 'PERUM GAS NEGARA JL. DARMOKALI', '20930023', NULL, 6, 100, 'Screenshot_93.jpg', 12, 3),
('INC10245068', '2024-05-10 19:09:11', '2024-05-10 22:09:11', '2024-05-10 19:37:38', '2024-05-10 19:34:42', '2024-05-10 19:37:38', '18910208', 11, '0315011000', 'Telpon nada sibuk', '20900013', NULL, 6, 100, 'Screenshot_73.jpg', 10, 4),
('INC10246020', '2024-05-10 20:00:22', '2024-05-10 22:30:22', '2024-05-10 20:29:57', '2024-05-10 20:29:30', '2024-05-10 20:29:57', '18910208', 3, '4700709-0030196196', 'Indikasi LOS', '20960031', NULL, 6, 100, 'Screenshot_57.jpg', 1, 2),
('INC10250602', '2024-05-10 23:41:52', '2024-05-11 02:41:52', '2024-05-10 23:53:55', '2024-05-10 23:52:14', '2024-05-10 23:53:55', '18910208', 11, '0315635003', 'Telp tidak bisa', '19940151', NULL, 6, 100, 'Screenshot_95.jpg', 12, 5),
('INC10250754', '2024-05-10 23:33:58', '2024-05-11 02:33:58', '2024-05-10 23:53:28', '2024-05-10 23:52:09', '2024-05-10 23:53:28', '18910208', 11, '0315635001', 'Tlp tidak bisa', '19940151', NULL, 6, 100, 'Screenshot_58.jpg', 12, 5),
('INC10250773', '2024-05-10 23:31:23', '2024-05-11 02:31:23', '2024-05-10 23:53:09', '2024-05-10 23:52:03', '2024-05-10 23:53:09', '18910208', 11, '0315635002', 'Telp tidak bisa', '19940151', NULL, 6, 100, 'Screenshot_38.jpg', 12, 5),
('INC10260336', '2024-05-10 20:16:57', '2024-05-10 23:16:57', '2024-05-10 20:30:48', '2024-05-10 20:30:16', '2024-05-10 20:30:48', '18910208', 5, '152303294083', 'Tidak bisa konek internet', '19930170', NULL, 6, 100, 'Screenshot_94.jpg', 1, 4),
('INC10279421', '2024-05-10 23:28:56', '2024-05-11 02:28:56', '2024-05-11 00:13:20', '2024-05-11 00:12:48', '2024-05-11 00:13:20', '18910208', 5, '152306101215', 'Internet matot', '20860005', NULL, 6, 100, 'Screenshot_18.jpg', 11, 4),
('INC10280058', '2024-05-10 20:19:05', '2024-05-10 23:19:05', '2024-05-10 20:29:09', '2024-05-10 20:28:33', '2024-05-10 20:29:09', '18910208', 5, '152305201259', ' SEDATI AGUNG', '18910245', NULL, 6, 100, 'Screenshot_103.jpg', 6, 4),
('INC10283060', '2024-05-10 23:30:04', '2024-05-11 02:30:04', '2024-05-10 23:54:47', '2024-05-10 23:54:19', '2024-05-10 23:54:47', '18910208', 11, '0318479230', 'Telp matot', '20940020', NULL, 6, 100, 'Screenshot_27.jpg', 9, 5),
('INC10299550', '2024-05-10 23:32:46', '2024-05-11 02:32:46', '2024-05-10 23:50:57', '2024-05-10 23:50:08', '2024-05-10 23:50:57', '18910208', 5, '152302130775', 'Indikator inet mati', '20940762', NULL, 6, 100, 'Screenshot_47.jpg', 7, 4),
('INC10324708', '2024-05-10 23:35:34', '2024-05-11 02:35:34', '2024-05-11 00:10:01', '2024-05-11 00:09:25', '2024-05-11 00:10:01', '18910208', 5, '152310201811', 'Inet tidak bisa diakses', '20960020', NULL, 6, 100, 'Screenshot_64.jpg', 13, 4),
('INC10330228', '2024-05-29 14:54:36', '2024-05-29 17:54:36', '2024-05-29 14:56:30', '2024-05-29 14:55:55', '2024-05-29 14:56:30', '18910208', 11, '0318712228', 'Reconfig', '20960020', NULL, 6, 100, 'ss2.jpg', 13, 5),
('INC10332849', '2024-05-10 23:36:45', '2024-05-11 02:36:45', '2024-05-10 23:57:20', '2024-05-10 23:56:50', '2024-05-10 23:57:20', '18910208', 5, '152302121828', 'LOS', '18830044', NULL, 6, 100, 'Screenshot_75.jpg', 7, 4),
('INC10333262', '2024-05-10 23:38:51', '2024-05-11 02:38:51', '2024-05-11 00:02:09', '2024-05-11 00:00:53', '2024-05-11 00:02:09', '18910208', 5, '152320213490', 'LOS', '18910110', NULL, 6, 100, 'Screenshot_85.jpg', 10, 4),
('INC10334595', '2024-05-10 23:39:37', '2024-05-11 02:39:37', '2024-05-11 00:02:56', '2024-05-11 00:00:59', '2024-05-11 00:02:56', '18910208', 5, '152320224359', 'LOS', '18910110', NULL, 6, 100, 'Screenshot_86.jpg', 10, 4),
('INC10336064', '2024-05-25 16:07:13', '2024-05-25 19:07:13', '2024-05-29 05:41:20', '2024-05-26 05:48:01', '2024-05-29 05:41:20', '18910208', 5, '152302214414', 'Internet TBC LOS Merah', '18830044', NULL, 7, 100, '1.jpg', 7, 4),
('INC10356999', '2024-05-30 14:26:39', '2024-05-30 17:26:39', '2024-05-30 14:35:45', '2024-05-30 14:35:05', '2024-05-30 14:35:45', '18910208', 5, '152303269207', 'LOS', '18900157', NULL, 6, 100, 'Screenshot_19.jpg', 1, 4),
('INC10501487', '2024-07-05  09:26:59', '2024-07-05 12:26:59', '2024-07-05 09:29:06', '2024-07-05 09:28:14', '2024-07-05 09:29:06', '18910208', 3, '4702844-0021343912', 'OTB\r\n', '20920028', NULL, 6, 100, 'photo_2024-07-05_09-22-55.jpg', 9, 3),
('INC10958250', '2024-07-02  08:35:45', '2024-07-02 11:35:45', '2024-07-02 08:42:58', '2024-07-02 08:40:42', '2024-07-02 08:42:58', '18910208', 11, '318557499', 'LAIN LAIN', '20940762', NULL, 6, 100, 'photo_6213150981349293776_y.jpg', 7, 5),
('INC10958634', '2024-07-01  16:39:23', '2024-07-01 19:39:23', '2024-07-01 16:45:51', '2024-07-01 16:43:52', '2024-07-01 16:45:51', '18910208', 11, '0318712970', 'LAIN LAIN', '20960020', NULL, 6, 100, 'photo_6222225495626464148_y.jpg', 13, 5),
('INC10963913', '2024-07-02  08:50:39', '2024-07-02 11:50:39', '2024-07-02 09:04:28', '2024-07-02 09:01:18', '2024-07-02 09:04:28', '18910208', 5, '152306205035', 'DROPCORE', '20860005', NULL, 6, 100, 'photo_6228814443609966950_y.jpg', 11, 4),
('INC10968029', '2024-07-02  09:32:11', '2024-07-02 12:32:11', '2024-07-02 09:36:03', '2024-07-02 09:33:51', '2024-07-02 09:36:03', '18910208', 5, '152301206012', 'STB', '18950833', NULL, 6, 100, 'photo_6215210491182169584_y.jpg', 12, 5),
('INC10984929', '2024-07-02  09:08:58', '2024-07-02 12:08:58', '2024-07-02 09:12:06', '2024-07-02 09:10:47', '2024-07-02 09:12:06', '18910208', 5, '152302111629', 'DROPCORE', '18830044', NULL, 6, 100, 'photo_6215345649508006367_y.jpg', 7, 4),
('INC10988577', '2024-07-02  09:20:56', '2024-07-02 12:20:56', '2024-07-02 09:24:09', '2024-07-02 09:22:36', '2024-07-02 09:24:09', '18910208', 5, '152310238903', 'ODP ', '18900157', NULL, 6, 100, 'photo_6215345649508006394_y_(1).jpg', 12, 4),
('INC10989891', '2024-07-05  09:42:28', '2024-07-05 12:42:28', '2024-07-05 09:44:57', '2024-07-05 09:44:26', '2024-07-05 09:44:57', '18910208', 3, '1717536726', 'DISTRIBUSI\r\n', '20920028', NULL, 6, 100, 'photo_2024-07-05_09-41-07.jpg', 10, 3),
('INC11004499', '2024-07-02  09:41:37', '2024-07-02 12:41:37', '2024-07-02 09:44:22', '2024-07-02 09:43:05', '2024-07-02 09:44:22', '18910208', 5, '152310241682', 'ODP', '18900157', NULL, 6, 100, 'photo_6215345649508006666_y.jpg', 12, 4),
('INC11029387', '2024-07-03  08:43:24', '2024-07-03 11:43:24', '2024-07-03 08:47:26', '2024-07-03 08:46:09', '2024-07-03 08:47:26', '18910208', 5, '152303339976', 'DROPCORE\r\n', '19970172', NULL, 6, 100, 'photo_2024-07-03_08-42-10.jpg', 1, 4),
('INC11033037', '2024-07-02  09:47:39', '2024-07-02 12:47:39', '2024-07-02 09:50:13', '2024-07-02 09:49:17', '2024-07-02 09:50:13', '18910208', 5, '152303104303', 'ODP', '19970172', NULL, 6, 100, 'photo_6219973695812778722_y.jpg', 1, 4),
('INC11057037', '2024-07-03  08:51:11', '2024-07-03 11:51:11', '2024-07-03 08:54:28', '2024-07-03 08:53:23', '2024-07-03 08:54:28', '18910208', 5, '152303293930', 'Ganti remote stb + perapian ikr patchcore ketekuk di roset\r\n', '19970172', NULL, 6, 100, 'photo_2024-07-03_08-49-05.jpg', 1, 4),
('INC11077383', '2024-07-02  09:57:17', '2024-07-02 12:57:17', '2024-07-02 09:59:47', '2024-07-02 09:58:44', '2024-07-02 09:59:47', '18910208', 11, '0315932736', 'ONT', '20960020', NULL, 6, 100, 'photo_6222225495626464161_y.jpg', 13, 5),
('INC11078353', '2024-07-02  10:05:13', '2024-07-02 13:05:13', '2024-07-02 10:07:35', '2024-07-02 10:06:56', '2024-07-02 10:07:35', '18910208', 11, '0315915585', 'DROPCORE', '20960020', NULL, 6, 100, 'photo_6222225495626464184_y.jpg', 13, 5),
('INC11087860', '2024-07-03  09:08:56', '2024-07-03 12:08:56', '2024-07-03 09:27:15', '2024-07-03 09:26:40', '2024-07-03 09:27:15', '18910208', 11, '318293190', 'CPE', '20880009', NULL, 6, 100, 'photo_2024-07-03_09-08-21.jpg', 11, 5),
('INC11090804', '2024-07-02  12:12:50', '2024-07-02 15:12:50', '2024-07-02 13:32:30', '2024-07-02 13:31:31', '2024-07-02 13:32:30', '18910208', 11, '315993990', 'LOGIC', '18930417', NULL, 6, 100, 'WIN_20231016_20_55_42_Pro.jpg', 1, 5),
('INC11099069', '2024-07-03  08:19:05', '2024-07-03 11:19:05', '2024-07-03 08:23:03', '2024-07-03 08:21:34', '2024-07-03 08:23:03', '18910208', 5, '152305201394', 'ONT', '18910245', NULL, 6, 100, 'photo_2024-07-03_08-18-48.jpg', 6, 4),
('INC11101926', '2024-07-03  08:32:10', '2024-07-03 11:32:10', '2024-07-03 08:37:29', '2024-07-03 08:36:35', '2024-07-03 08:37:29', '18910208', 11, '0318411188', 'SAMBUNG ULANG DC IMBAS DIGIGIT TIKUS\r\n', '19940153', NULL, 6, 100, 'photo_2024-05-20_16-21-03.jpg', 9, 5),
('INC11132777', '2024-07-03  09:40:13', '2024-07-03 12:40:13', '2024-07-03 09:42:43', '2024-07-03 09:42:09', '2024-07-03 09:42:43', '18910208', 5, '152301100591', 'ODP\r\n', '20930023', NULL, 6, 100, 'photo_2024-07-03_09-39-01.jpg', 12, 4),
('INC11139618', '2024-07-03  09:33:12', '2024-07-03 12:33:12', '2024-07-03 09:36:00', '2024-07-03 09:35:37', '2024-07-03 09:36:00', '18910208', 5, '152306224410', 'ONT', '20880009', NULL, 6, 100, 'photo_2024-07-03_09-32-13.jpg', 11, 4),
('INC11141685', '2024-07-03  12:26:56', '2024-07-03 15:26:56', '2024-07-03 12:31:08', '2024-07-03 12:30:37', '2024-07-03 12:31:08', '18910208', 11, '0315948640', 'ONT\r\n', '19970172', NULL, 6, 100, 'photo_2024-07-03_12-25-57.jpg', 1, 5),
('INC11146524', '2024-07-03  12:59:07', '2024-07-03 15:59:07', '2024-07-03 13:03:44', '2024-07-03 13:02:56', '2024-07-03 13:03:44', '18910208', 5, '152320201407', 'CPE\r\n', '18950607', NULL, 6, 100, 'photo_2024-07-03_12-57-10.jpg', 10, 4),
('INC11150263', '2024-07-03  10:01:11', '2024-07-03 13:01:11', '2024-07-03 10:03:23', '2024-07-03 10:02:55', '2024-07-03 10:03:23', '18910208', 5, '152308229693', 'ONT\r\n', '19940153', NULL, 6, 100, 'photo_2024-07-03_10-00-02.jpg', 9, 4),
('INC11162620', '2024-07-03  09:55:01', '2024-07-03 12:55:01', '2024-07-03 09:57:48', '2024-07-03 09:57:19', '2024-07-03 09:57:48', '18910208', 5, '152308204340', 'DROPCORE\r\n', '19940153', NULL, 6, 100, 'photo_2024-07-03_09-52-36.jpg', 9, 4),
('INC11227129', '2024-07-03  13:18:34', '2024-07-03 16:18:34', '2024-07-03 13:21:56', '2024-07-03 13:20:58', '2024-07-03 13:21:56', '18910208', 5, '152320207352', 'ODP\r\n', '20970061', NULL, 6, 100, 'photo_2024-07-03_13-15-52.jpg', 10, 4),
('INC11239800', '2024-07-03  13:26:07', '2024-07-03 16:26:07', '2024-07-03 13:29:53', '2024-07-03 13:29:19', '2024-07-03 13:29:53', '18910208', 11, '0315682088', 'ONT\r\n', '19930165', NULL, 6, 100, 'photo_2024-07-03_13-24-37.jpg', 12, 5),
('INC11243660', '2024-07-03  13:37:24', '2024-07-03 16:37:24', '2024-07-03 13:38:35', '0000-00-00 00:00:00', '0000-00-00 00:00:00', '18910208', 5, '152308207345', 'LAIN LAIN\r\n', '19919111', NULL, 3, 0, 'photo_2024-07-03_13-36-09.jpg', 9, 4),
('INC11279572', '2024-07-03  13:46:50', '2024-07-03 16:46:50', '2024-07-03 13:49:02', '2024-07-03 13:48:04', '2024-07-03 13:49:02', '18910208', 5, '152302221928', 'DROPCORE\r\n', '20940762', NULL, 6, 100, 'photo_2024-07-03_13-45-58.jpg', 7, 4),
('INC11280770', '2024-07-03  14:09:52', '2024-07-03 17:09:52', '2024-07-03 14:11:36', '2024-07-03 14:10:47', '2024-07-03 14:11:36', '18910208', 5, '152302214145', 'ONT\r\n', '20940762', NULL, 6, 100, 'photo_2024-07-03_14-08-51.jpg', 7, 4),
('INC11281078', '2024-07-03  14:05:08', '2024-07-03 17:05:08', '2024-07-03 14:06:48', '2024-07-03 14:06:18', '2024-07-03 14:06:48', '18910208', 11, '03187859777', 'ONT\r\n', '20960020', NULL, 6, 100, 'photo_2024-07-03_14-04-11.jpg', 13, 5),
('INC11281263', '2024-07-03  13:57:36', '2024-07-03 16:57:36', '2024-07-03 14:00:40', '2024-07-03 14:00:13', '2024-07-03 14:00:40', '18910208', 5, '152308203716', 'DROPCORE\r\n', '20870085', NULL, 6, 100, 'photo_2024-07-03_13-56-48.jpg', 9, 4),
('INC11281493', '2024-07-03  13:51:41', '2024-07-03 16:51:41', '2024-07-03 13:53:57', '2024-07-03 13:53:27', '2024-07-03 13:53:57', '18910208', 5, '152305118337', 'ONT\r\n', '20940762', NULL, 6, 100, 'photo_2024-07-03_13-50-36.jpg', 6, 4),
('INC11285049', '2024-07-04  08:39:09', '2024-07-04 11:09:09', '2024-07-04 08:46:34', '2024-07-04 08:45:51', '2024-07-04 08:46:34', '18910208', 3, '4700709-0030701947', 'LAIN LAIN\r\n', '18980405', NULL, 6, 100, 'photo_2024-05-24_11-21-58.jpg', 10, 2),
('INC11287576', '2024-07-04  08:47:59', '2024-07-04 11:47:59', '2024-07-04 08:49:39', '2024-07-04 08:48:57', '2024-07-04 08:49:39', '18910208', 5, '152320214110', 'FEEDER\r\n', '20970061', NULL, 6, 100, 'photo_2024-05-06_11-01-38.jpg', 10, 4),
('INC11289252', '2024-07-04  08:52:33', '2024-07-04 11:52:33', '2024-07-04 08:54:11', '2024-07-04 08:53:40', '2024-07-04 08:54:11', '18910208', 5, '152320106401', 'FEEDER\r\n', '20970061', NULL, 6, 100, 'photo_2024-05-14_13-47-21.jpg', 10, 4),
('INC11290715', '2024-07-04  09:02:00', '2024-07-04 12:02:00', '2024-07-04 09:03:55', '2024-07-04 09:03:15', '2024-07-04 09:03:55', '18910208', 5, '152320215329', 'FEEDER\r\n', '20970061', NULL, 6, 100, 'photo_2024-07-04_09-01-45.jpg', 10, 4),
('INC11291722', '2024-07-04  08:16:40', '2024-07-04 11:16:40', '2024-07-04 08:21:21', '2024-07-04 08:20:43', '2024-07-04 08:21:21', '18910208', 11, '0318474603', 'ONT\r\n', '20870085', NULL, 6, 100, 'photo_2024-07-04_08-15-40.jpg', 9, 5),
('INC11292772', '2024-07-04  08:23:36', '2024-07-04 11:23:36', '2024-07-04 08:26:00', '2024-07-04 08:25:24', '2024-07-04 08:26:00', '18910208', 5, '152320105550', 'LOGIC\r\n', '18950607', NULL, 6, 100, 'photo_2024-07-04_08-22-48.jpg', 10, 4),
('INC11292886', '2024-07-04  08:56:31', '2024-07-04 11:56:31', '2024-07-04 08:58:40', '2024-07-04 08:58:02', '2024-07-04 08:58:40', '18910208', 5, '152320101877', 'ODC\r\n', '18950607', NULL, 6, 100, 'photo_2024-05-24_17-38-55.jpg', 10, 4),
('INC11294011', '2024-07-03  14:15:37', '2024-07-03 17:15:37', '2024-07-03 14:20:57', '2024-07-03 14:19:35', '2024-07-03 14:20:57', '18910208', 11, '318685555', 'ONT\r\n', '20870010', NULL, 6, 100, 'photo_2024-07-03_14-13-40.jpg', 6, 5),
('INC11295156', '2024-07-04  08:30:55', '2024-07-04 11:30:55', '2024-07-04 08:32:59', '2024-07-04 08:32:12', '2024-07-04 08:32:59', '18910208', 11, '315010278', 'DROPCORE\r\n\r\n', '20970061', NULL, 6, 100, 'photo_2024-07-04_08-29-59.jpg', 10, 5),
('INC11296262', '2024-07-04  09:32:42', '2024-07-04 12:32:42', '2024-07-04 09:36:49', '2024-07-04 09:35:06', '2024-07-04 09:36:49', '18910208', 11, '318479596', 'LOGIC\r\n', '19940153', NULL, 6, 100, 'photo_2024-05-14_13-47-22.jpg', 10, 5),
('INC11302528', '2024-07-04  09:52:05', '2024-07-04 12:52:05', '2024-07-04 09:57:09', '2024-07-04 09:56:16', '2024-07-04 09:57:09', '18910208', 5, '152306109351', 'DROPCORE\r\n', '19940153', NULL, 6, 100, 'photo_2024-07-04_09-50-55.jpg', 11, 4),
('INC11307410', '2024-07-04  10:23:42', '2024-07-04 13:23:42', '2024-07-04 10:26:01', '2024-07-04 10:25:33', '2024-07-04 10:26:01', '18910208', 5, '152303108889', 'ONT\r\n', '19970172', NULL, 6, 100, 'photo_2024-07-04_10-20-27.jpg', 1, 4),
('INC11312558', '2024-07-04  09:47:18', '2024-07-04 12:47:18', '2024-07-04 09:48:58', '2024-07-04 09:48:58', '0000-00-00 00:00:00', '18910208', 5, '152302100219', 'ONT\r\n', '20940762', NULL, 4, 0, 'photo_2024-07-04_09-45-49.jpg', 7, 4),
('INC11327500', '2024-07-04  10:30:36', '2024-07-04 13:30:36', '2024-07-04 10:32:52', '2024-07-04 10:32:14', '2024-07-04 10:32:52', '18910208', 11, '152303292516', 'DISTRIBUSI\r\n', '19970172', NULL, 6, 100, 'photo_2024-07-04_10-29-22.jpg', 1, 5),
('INC11333656', '2024-07-04  10:47:01', '2024-07-04 13:47:01', '2024-07-04 10:50:04', '2024-07-04 10:48:20', '2024-07-04 10:50:04', '18910208', 11, '315670220', 'ONT\r\n', '18950833', NULL, 6, 100, 'photo_2024-05-25_13-24-26.jpg', 12, 5),
('INC11333661', '2024-07-04  10:42:42', '2024-07-04 13:42:42', '2024-07-04 10:44:34', '2024-07-04 10:44:06', '2024-07-04 10:44:34', '18910208', 5, '152301260069', 'ONT\r\n', '18950833', NULL, 6, 100, 'photo_2024-07-04_10-41-04.jpg', 12, 4),
('INC11336021', '2024-07-04  10:36:53', '2024-07-04 13:36:53', '2024-07-04 10:38:44', '2024-07-04 10:38:18', '2024-07-04 10:38:44', '18910208', 11, '315945117', 'ONT\r\n', '19970172', NULL, 6, 100, 'photo_2024-07-04_10-35-48.jpg', 1, 5),
('INC11353274', '2024-07-05  08:54:03', '2024-07-05 11:54:03', '2024-07-05 08:58:33', '2024-07-05 08:57:29', '2024-07-05 08:58:33', '18910208', 5, '152301108512', 'ONT', '20930023', NULL, 6, 100, 'photo_2024-07-05_08-51-54.jpg', 12, 4),
('INC11380007', '2024-07-05  09:05:36', '2024-07-05 12:05:36', '2024-07-05 09:08:34', '2024-07-05 09:07:32', '2024-07-05 09:08:34', '18910208', 5, '152301220577', 'ONT\r\n', '20930023', NULL, 6, 100, 'photo_2024-07-05_09-03-54.jpg', 12, 4),
('INC11446641', '2024-07-05  14:08:22', '2024-07-05 17:08:22', '2024-07-05 14:10:59', '2024-07-05 14:10:30', '2024-07-05 14:10:59', '18910208', 11, '318432124', 'DROPCORE\r\n', '19940153', NULL, 6, 100, 'photo_2024-07-05_14-07-30.jpg', 9, 5),
('INC11446780', '2024-07-05  09:32:01', '2024-07-05 12:32:01', '2024-07-05 09:34:14', '2024-07-05 09:33:24', '2024-07-05 09:34:14', '18910208', 5, '152310223890', 'DISTRIBUSI\r\n', '18900157', NULL, 6, 100, 'photo_2024-07-05_09-30-35.jpg', 13, 4),
('INC11447486', '2024-07-05  10:09:47', '2024-07-05 13:09:47', '2024-07-05 10:11:24', '2024-07-05 10:11:01', '2024-07-05 10:11:24', '18910208', 11, '315041237', 'IKR / IKG\r\n', '18950607', NULL, 6, 100, 'photo_2024-07-05_10-09-03.jpg', 10, 5),
('INC11448322', '2024-07-05  09:12:47', '2024-07-05 12:12:47', '2024-07-05 09:19:38', '2024-07-05 09:19:38', '0000-00-00 00:00:00', '18910208', 5, '152302220219', 'ONT\r\n\r\n', '20940762', NULL, 4, 0, 'photo_2024-07-05_09-10-36.jpg', 7, 4),
('INC11448789', '2024-07-05  10:18:44', '2024-07-05 13:18:44', '2024-07-05 10:21:33', '2024-07-05 10:21:04', '2024-07-05 10:21:33', '18910208', 5, '152303210992', 'ONT\r\n', '19970172', NULL, 6, 100, 'photo_2024-07-05_10-17-40.jpg', 1, 4),
('INC11451313', '2024-07-05  09:48:50', '2024-07-05 12:48:50', '2024-07-05 10:01:57', '2024-07-05 10:01:25', '2024-07-05 10:01:57', '18910208', 5, '152305212878', 'ONT\r\n', '18910245', NULL, 6, 100, 'photo_2024-07-05_09-46-20.jpg', 6, 4),
('INC11452250', '2024-07-05  09:58:30', '2024-07-05 12:58:30', '2024-07-05 10:03:07', '2024-07-05 10:02:34', '2024-07-05 10:03:07', '18910208', 5, '152305109041', 'DROPCORE\r\n', '20870010', NULL, 6, 100, 'photo_2024-07-05_09-56-09.jpg', 6, 4),
('INC11454765', '2024-07-05  10:05:05', '2024-07-05 13:05:05', '2024-07-05 10:06:57', '2024-07-05 10:06:30', '2024-07-05 10:06:57', '18910208', 11, '315910308', 'CPE\r\n', '19930170', NULL, 6, 100, 'photo_2024-07-05_10-04-20.jpg', 1, 5),
('INC11455069', '2024-07-05  10:24:45', '2024-07-05 13:24:45', '2024-07-05 10:30:58', '2024-07-05 10:30:14', '2024-07-05 10:30:58', '18910208', 11, '318532090', 'LOGIC\r\n', '18810028', NULL, 6, 100, 'photo_2024-07-05_10-23-42.jpg', 7, 5),
('INC11457946', '2024-07-05  13:50:50', '2024-07-05 16:50:50', '2024-07-05 13:52:58', '2024-07-05 13:52:28', '2024-07-05 13:52:58', '18910208', 5, '152320100676', 'ONT\r\n', '18950607', NULL, 6, 100, 'photo_2024-07-05_13-49-42.jpg', 10, 4),
('INC11464789', '2024-07-05  13:57:06', '2024-07-05 16:57:06', '2024-07-05 13:59:36', '2024-07-05 13:59:03', '2024-07-05 13:59:36', '18910208', 11, '318783731', 'IKR / IKG\r\n', '20960031', NULL, 6, 100, 'photo_2024-07-05_13-56-20.jpg', 13, 5),
('INC11589727', '2024-06-04 09:23:32', '2024-06-04 12:23:32', '2024-06-04 09:41:33', '2024-06-04 09:38:46', '2024-06-04 09:41:33', '18910208', 5, '152306201271', 'Daya unspec', '20880009', NULL, 6, 100, 'Screenshot_110.jpg', 11, 4),
('INC11592053', '2024-06-04 09:24:16', '2024-06-04 12:24:16', '2024-06-04 09:43:13', '2024-06-04 09:42:05', '2024-06-04 09:43:13', '18910208', 5, '152303109581', 'ONT hang', '18890075', NULL, 6, 100, 'Screenshot_28.jpg', 1, 4),
('INC11592848', '2024-06-04 09:27:46', '2024-06-04 12:27:46', '2024-06-04 09:44:46', '2024-06-04 09:43:39', '2024-06-04 09:44:46', '18910208', 5, '152302123539', 'ONT eror', '18940727', NULL, 6, 100, 'Screenshot_39.jpg', 7, 4),
('INC11596015', '2024-06-04 09:29:41', '2024-06-04 12:29:41', '2024-06-04 09:45:48', '2024-06-04 09:45:08', '2024-06-04 09:45:48', '18910208', 5, '152310237039', 'Muncul indikator merah pada LOS wifi tidak ada internet', '18900157', NULL, 6, 100, 'Screenshot_48.jpg', 13, 4),
('INC11602873', '2024-06-04 09:30:31', '2024-06-04 12:30:31', '2024-06-04 09:47:12', '2024-06-04 09:46:17', '2024-06-04 09:47:12', '18910208', 5, '152303102330', 'LOS', '19930170', NULL, 6, 100, 'Screenshot_59.jpg', 1, 4),
('INC12193360', '2024-07-10  10:32:57', '2024-07-10 13:32:57', '2024-07-10 10:35:40', '2024-07-10 10:34:57', '2024-07-10 10:35:40', '17900219', 5, '152308210670', 'LOGIC\r\n', '20870085', NULL, 6, 100, 'photo_2024-06-15_10-33-22.jpg', 9, 4),
('INC12197108', '2024-07-10  10:16:00', '2024-07-10 13:16:00', '2024-07-10 10:21:25', '2024-07-10 10:20:14', '2024-07-10 10:21:25', '17900219', 5, '152307100373', 'DROPCORE\r\n', '20870085', NULL, 6, 100, 'photo_2024-06-15_11-58-49_(2).jpg', 9, 4),
('INC12208254', '2024-07-10  09:55:51', '2024-07-10 12:55:51', '2024-07-10 09:58:29', '2024-07-10 09:57:41', '2024-07-10 09:58:29', '17900219', 5, '152320235941', 'ODC', '18950607', NULL, 6, 100, 'photo_2024-06-15_16-28-57.jpg', 10, 4),
('INC12264785', '2024-07-10  10:45:46', '2024-07-10 13:45:46', '2024-07-10 10:49:05', '2024-07-10 10:48:21', '2024-07-10 10:49:05', '17900219', 5, '152301107964', 'DROPCORE\r\n', '19940151', NULL, 6, 100, 'photo_2024-06-17_10-08-35.jpg', 12, 4),
('INC12265613', '2024-07-10  10:53:14', '2024-07-10 13:53:14', '2024-07-10 10:54:05', '0000-00-00 00:00:00', '0000-00-00 00:00:00', '17900219', 5, '152308106844', 'DROPCORE\r\n', '19919111', NULL, 3, 0, 'photo_2024-06-17_11-11-01.jpg', 9, 4),
('INC12267255', '2024-07-10  13:34:28', '2024-07-10 16:04:28', '2024-07-10 13:41:45', '0000-00-00 00:00:00', '0000-00-00 00:00:00', '17900219', 3, '4700709-0030321812', 'DROPCORE\r\n', '19890061', NULL, 3, 0, 'photo_2024-06-17_11-48-19.jpg', 1, 2),
('INC12279577', '2024-07-10  13:11:05', '2024-07-10 16:11:05', '2024-07-10 13:13:21', '2024-07-10 13:12:17', '2024-07-10 13:13:21', '17900219', 5, '152310107807', 'DROPCORE\r\n', '18900157', NULL, 6, 100, 'photo_2024-06-17_17-04-22.jpg', 13, 4),
('INC12303242', '2024-07-10  13:47:41', '2024-07-10 16:47:41', '2024-07-10 13:49:52', '2024-07-10 13:49:12', '2024-07-10 13:49:52', '17900219', 5, '152303206560', 'DROPCORE\r\n', '18890075', NULL, 6, 100, 'photo_2024-06-18_10-29-49.jpg', 1, 4),
('INC12306014', '2024-07-10  13:52:18', '2024-07-10 16:52:18', '2024-07-10 13:54:10', '2024-07-10 13:53:39', '2024-07-10 13:54:10', '17900219', 5, '152320235164', 'DROPCORE\r\n', '20970061', NULL, 6, 100, 'photo_2024-06-18_11-51-29.jpg', 10, 4),
('INC12307189', '2024-07-10  13:56:22', '2024-07-10 16:56:22', '2024-07-12 10:09:57', '2024-07-11 16:11:36', '2024-07-12 10:09:57', '17900219', 5, '152303202994', 'DROPCORE\r\n', '20960020', NULL, 7, 100, 'photo_2024-06-18_10-42-25.jpg', 1, 4),
('INC12308570', '2024-07-10  14:07:57', '2024-07-10 17:07:57', '2024-07-10 14:09:52', '2024-07-10 14:09:26', '2024-07-10 14:09:52', '17900219', 5, '152301108294', 'DROPCORE\r\n', '18950833', NULL, 6, 100, 'photo_2024-06-18_11-44-05.jpg', 12, 4),
('INC12318498', '2024-07-10  14:14:04', '2024-07-10 17:14:04', '2024-07-10 14:15:59', '2024-07-10 14:15:34', '2024-07-10 14:15:59', '17900219', 5, '152308230225', 'ONT\r\n', '20940020', NULL, 6, 100, 'photo_2024-06-18_15-51-24.jpg', 9, 4),
('INC12320006', '2024-07-10  14:18:54', '2024-07-10 17:18:54', '2024-07-10 14:34:41', '2024-07-10 14:34:08', '2024-07-10 14:34:41', '17900219', 11, '3135929038', 'LAIN LAIN\r\n', '20960020', NULL, 6, 100, 'photo_2024-06-18_15-19-13.jpg', 13, 5),
('INC1232154', '25/07/2024 08.58', '1970-01-01 01:00:00', '2024-07-30 05:34:29', '2024-07-30 05:01:18', '2024-07-30 05:34:29', '17900219', 0, '1,52E+11', 'INTERNET | TECHNICAL | Tidak Bisa Browsing - 2P / 3P Mati Total', '18810028', '18900157', 7, 100, '', 0, 4),
('INC12321802', '2024-07-10  14:36:56', '2024-07-10 17:36:56', '2024-07-10 14:37:36', '0000-00-00 00:00:00', '0000-00-00 00:00:00', '17900219', 11, '318436693', 'ONT\r\n', '19919111', NULL, 3, 0, 'photo_2024-06-18_16-35-53.jpg', 9, 5),
('INC12325319', '2024-07-10  14:40:15', '2024-07-10 17:40:15', '2024-07-10 14:42:23', '2024-07-10 14:41:47', '2024-07-10 14:42:23', '17900219', 11, '318532230', 'LAIN LAIN\r\n', '18830044', NULL, 6, 100, 'photo_2024-06-18_17-16-06_(2).jpg', 7, 5),
('INC12328040', '2024-07-10  14:45:16', '2024-07-10 17:45:16', '2024-07-14 17:58:44', '2024-07-12 11:16:48', '2024-07-14 17:58:44', '17900219', 5, '152305108800', 'LAIN LAIN\r\n', '20960020', NULL, 7, 100, 'photo_2024-06-19_11-35-28.jpg', 6, 4),
('INC12333243', '2024-07-10  14:48:47', '2024-07-10 17:48:47', '2024-07-10 14:50:39', '2024-07-10 14:50:08', '2024-07-10 14:50:39', '17900219', 5, '152310100078', 'ONT\r\n', '20960020', NULL, 6, 100, 'photo_2024-06-19_09-24-04.jpg', 13, 4),
('INC1234555', '2024-07-11  09:12:50', '2024-07-11 12:12:50', '2024-07-11 09:21:20', '2024-07-11 09:19:26', '2024-07-11 09:21:20', '17900219', 5, '1234566', 'LOS', '19970172', NULL, 6, 100, 'photo_2024-06-19_09-24-04_(2).jpg', 10, 4),
('INC12346652', '2024-07-10  14:52:19', '2024-07-10 17:52:19', '2024-07-15 08:50:35', '2024-07-14 18:11:26', '2024-07-15 08:50:35', '17900219', 5, '152303261400', 'LOGIC\r\n', '20960020', NULL, 7, 100, 'photo_2024-06-19_09-36-38.jpg', 1, 4),
('INC12349308', '2024-07-02 10:45:00', '2024-07-02 13:45:00', '2024-07-15 09:23:30', '2024-07-15 08:56:49', '2024-07-15 09:23:30', '17900219', 5, '152320235941', 'Isi Deskripsi', '20960020', NULL, 7, 100, 'photo_2024-06-19_09-24-042.jpg', 10, 4),
('INC12356466', '2024-06-19 13:18:00', '2024-06-19 16:18:00', '2024-07-15 09:25:02', '2024-07-15 09:24:30', '2024-07-15 09:25:02', '17900219', 5, '152320215334', 'Isi Deskripsi', '20960020', NULL, 7, 100, 'photo_2024-06-19_09-24-04_(2)1.jpg', 10, 4),
('INC12772574', '2024-06-29 15:28:06', '2024-06-29 18:28:06', '2024-06-29 16:42:28', '2024-06-29 16:41:52', '0000-00-00 00:00:00', '17900219', 5, '152307100373', 'LOS', '20940020', NULL, 4, 60, 'html-icon.png', 9, 4),
('INC12781875', '2024-06-29  18:36:46', '2024-06-29 21:36:46', '2024-07-15 10:28:58', '2024-07-15 09:31:25', '2024-07-15 10:28:58', '18910208', 5, '152306203904', 'LOS', '20960020', NULL, 7, 100, 'pc-icon.png', 11, 4),
('INC13932423', '25/07/2024 09.57', '0000-00-00 00:00:00', '0000-00-00 00:00:00', '0000-00-00 00:00:00', '0000-00-00 00:00:00', '17900219', 0, '315636073', 'VOICE | TECHNICAL | Jaringan Tidak Layak -  Fiber - Tidak bisa memanggil', '', NULL, 1, 0, '', 0, 0),
('INC13932902', '25/07/2024 08.37', '0000-00-00 00:00:00', '0000-00-00 00:00:00', '0000-00-00 00:00:00', '0000-00-00 00:00:00', '17900219', 0, '1,52E+11', ' | TECHNICAL | Perangkat Pelanggan - Sharing Koneksi LAN/WiFi', '', NULL, 1, 0, '', 0, 0),
('INC13960315', '2024-07-25 08:37:46', '0000-00-00 00:00:00', '2024-07-25 08:37:46', '0000-00-00 00:00:00', '0000-00-00 00:00:00', '17900219', 0, '1,52301E+11', ' | TECHNICAL | Perangkat Pelanggan - Sharing Koneksi LAN/WiFi', '', NULL, 1, 0, '', 0, 0),
('INC13960787', '2024-07-25 08:48:06', '0000-00-00 00:00:00', '2024-07-25 08:48:06', '0000-00-00 00:00:00', '0000-00-00 00:00:00', '17900219', 0, '1,52301E+11', ' | TECHNICAL | Tidak Bisa Browsing - 2P / 3P Mati Total', '', NULL, 1, 0, '', 0, 0),
('INC13961240', '2024-07-25 08:58:14', '0000-00-00 00:00:00', '2024-07-25 08:58:14', '0000-00-00 00:00:00', '0000-00-00 00:00:00', '17900219', 0, '1,52301E+11', 'INTERNET | TECHNICAL | Tidak Bisa Browsing - 2P / 3P Mati Total', '', NULL, 1, 0, '', 0, 0),
('INC13964190', '2024-07-25 09:57:17', '0000-00-00 00:00:00', '2024-07-25 09:57:17', '0000-00-00 00:00:00', '0000-00-00 00:00:00', '17900219', 0, '315636073', 'VOICE | TECHNICAL | Jaringan Tidak Layak -  Fiber - Tidak bisa memanggil', '', NULL, 1, 0, '', 0, 0),
('INC139683930', '25/07/2024 08.48', '0000-00-00 00:00:00', '0000-00-00 00:00:00', '0000-00-00 00:00:00', '0000-00-00 00:00:00', '17900219', 0, '1,52E+11', ' | TECHNICAL | Tidak Bisa Browsing - 2P / 3P Mati Total', '', NULL, 1, 0, '', 0, 0),
('INC190424', '2024-04-19 22:28:13', '2024-04-20 00:58:13', '2024-04-19 22:39:59', '2024-04-19 22:34:31', '2024-04-19 22:39:59', '18910208', 3, '554433', 'LOS MERAH', '19970172', NULL, 6, 100, 'photo_2024-03-06_10-34-17.jpg', 9, 2),
('INC2130131231', '2024-07-15 10:30:00', '2024-07-15 13:30:00', '2024-07-15 10:33:09', '2024-07-15 10:32:03', '2024-07-15 10:33:09', '17900219', 5, '15230810684446', 'Isi Deskripsi', '20960020', NULL, 6, 100, 'photo_2024-06-18_11-51-28.jpg', 7, 4),
('INC2134532', '2024-07-15 13:43:00', '2024-07-15 16:43:00', '2024-07-15 13:47:20', '2024-07-15 13:44:47', '0000-00-00 00:00:00', '17900219', 5, '343132324342423', 'Isi Deskripsi', '20960020', NULL, 4, 60, 'photo_2024-06-19_09-24-04_(2)2.jpg', 2, 4),
('INC54321', '2024-05-12 18:55:42', '2024-05-12 21:55:42', '2024-05-12 18:57:40', '2024-05-12 18:57:19', '2024-05-12 18:57:40', '18910208', 3, '1214544019', 'LOS', '2090211', NULL, 6, 100, 'photo_2024-02-02_13-58-431.png', 12, 3),
('INC567123', '2024-06-13 12:41:41', '2024-06-13 15:41:41', '2024-07-15 13:42:07', '2024-07-15 13:32:54', '2024-07-15 13:42:07', '18910208', 3, '567123', 'LOS', '20960020', NULL, 7, 100, 'Screenshot_164.png', 12, 3),
('INC7617390', '2024-03-26 16:38:07', '2024-03-26 19:38:07', '2024-03-26 16:44:21', '2024-03-26 16:39:15', '2024-03-26 16:44:21', '18910208', 3, '4702844-0021344333', 'METRO CCTV BUNDARAN SATELIT', '20941126', NULL, 6, 100, 'Screenshot_13.png', 12, 3),
('INC8604371', '2024-04-02 14:36:55', '2024-04-02 20:36:55', '2024-04-02 14:40:08', '2024-04-02 14:38:36', '2024-04-02 14:40:08', '18910208', 5, '152306220002', 'ONT Rusak', '20860005', NULL, 6, 100, 'Screenshot_2.jpg', 11, 4),
('INC8608011', '2024-04-02 15:07:29', '2024-04-02 21:07:29', '2024-04-02 15:16:31', '2024-04-02 15:15:42', '2024-04-02 15:16:31', '18910208', 5, '152305127738', 'Nomer wifi saya. Kenapa internetnya tidak bisa yaMohon bantuannya rekan untuk pengecekan dan perbaikannya. ', '20870010', NULL, 6, 100, 'Screenshot_7.jpg', 6, 4),
('INC8626902', '2024-04-02 14:13:51', '2024-04-02 20:13:51', '2024-04-02 14:28:18', '2024-04-02 14:27:11', '2024-04-02 14:28:18', '18910208', 5, '152302209768', 'Logic', '20880126', NULL, 6, 100, 'photo_2024-04-02_14-13-37.jpg', 7, 4),
('INC8631457', '2024-04-02 15:41:17', '2024-04-02 18:41:17', '2024-04-02 15:49:06', '2024-04-02 15:47:09', '2024-04-02 15:49:06', '18910208', 3, 'SID : 1883025363', ' VPNIP_NODE BANK SYARIAH BRI BANK SYARIAH INDONESIA JL DR. IR. H SOEKARNO NO 370', '18950920', NULL, 6, 100, 'Screenshot_51.jpg', 13, 3),
('INC8631767', '2024-04-02 15:44:34', '2024-04-02 18:44:34', '2024-04-02 15:49:27', '2024-04-02 15:47:14', '2024-04-02 15:49:27', '18910208', 3, 'SID : 1883060613', 'MM_ASTINET BANK SYARIAH BRI BANK SYARIAH INDONESIA JL DR. IR. H SOEKARNO NO 370', '18950920', NULL, 6, 100, 'Screenshot_52.jpg', 13, 3),
('INC8632678', '2024-04-02 14:45:08', '2024-04-02 20:45:08', '2024-04-02 14:57:57', '2024-04-02 14:57:16', '2024-04-02 14:57:57', '18910208', 5, '152302210706', 'PANGGUNG ELECTRIC CITRABUANA// RAYA WARU No.1', '20880126', NULL, 6, 100, 'Screenshot_1.jpg', 7, 4),
('INC8635161', '2024-04-02 14:46:04', '2024-04-02 20:46:04', '2024-04-02 14:59:29', '2024-04-02 14:58:53', '2024-04-02 14:59:29', '18910208', 5, '152320235910', ' PT. TOGAMAS SAPTAKARSA SEDAYA', '20900013', NULL, 6, 100, 'photo_2024-04-02_14-45-48.jpg', 10, 4),
('INC8637647', '2024-04-02 14:47:38', '2024-04-02 20:47:38', '2024-04-02 14:58:29', '2024-04-02 14:57:21', '2024-04-02 14:58:29', '18910208', 11, '0318533864', 'PANGGUNG ELECTRIC CORPORATION', '20880126', NULL, 6, 100, 'Screenshot_3.jpg', 7, 4),
('INC8637739', '2024-04-02 14:49:34', '2024-04-02 20:49:34', '2024-04-02 15:04:56', '2024-04-02 15:04:10', '2024-04-02 15:04:56', '18910208', 11, '0318280161', 'GAYUNGSARI BARAT No.34 GAYUNGAN SURABAYA', '20860005', NULL, 6, 100, 'Screenshot_4.jpg', 11, 4),
('INC8638493', '2024-04-02 14:51:43', '2024-04-02 20:51:43', '2024-04-02 15:03:26', '2024-04-02 15:02:45', '2024-04-02 15:03:26', '18910208', 5, '152303263009', 'JOJORAN PERINTIS 3', '19970172', NULL, 6, 100, 'Screenshot_5.jpg', 1, 4),
('INC8641288', '2024-04-02 14:53:37', '2024-04-02 20:53:37', '2024-04-02 15:02:17', '2024-04-02 15:01:51', '2024-04-02 15:02:17', '18910208', 5, '152305107110', 'Internet TBC Indikator modem los merah. berimbas Telepon TB IC nada tdk ada. tb OG nada tdk ada\r\nSolusi Awal :- Sudah restart modem- Kabel tidak ada yang terlepas atau terputus', '20870010', NULL, 6, 100, 'Screenshot_6.jpg', 6, 4),
('INC8641340', '2024-04-08 16:38:09', '2024-04-08 22:38:09', '2024-04-08 17:01:51', '2024-04-08 17:01:06', '2024-04-08 17:01:51', '18910208', 5, '152302100835', 'LOS', '20880126', NULL, 6, 100, 'Screenshot_42.jpg', 7, 4),
('INC8646270', '2024-04-02 15:08:58', '2024-04-02 21:08:58', '2024-04-02 15:15:25', '2024-04-02 15:14:18', '2024-04-02 15:15:25', '18910208', 5, '152302216828', 'VAPEBOSS_PT. ROKOK ELEKTRIK ', '20880126', NULL, 6, 100, 'Screenshot_8.jpg', 7, 4),
('INC8646661', '2024-04-02 15:19:24', '2024-04-02 21:19:24', '2024-04-02 15:31:15', '2024-04-02 15:29:44', '2024-04-02 15:31:15', '18910208', 11, '0315041509', 'B IC OG tidak ada nada , Los Merah', '20900013', NULL, 6, 100, 'Screenshot_11.jpg', 10, 4),
('INC8646696', '2024-04-02 15:10:09', '2024-04-02 21:10:09', '2024-04-02 15:13:58', '2024-04-02 15:13:32', '2024-04-02 15:13:58', '18910208', 5, '152303304783', 'Mati Total, status ONT LOS', '19970172', NULL, 6, 100, 'Screenshot_9.jpg', 1, 4),
('INC8647883', '2024-04-02 15:20:34', '2024-04-02 21:20:34', '2024-04-02 15:33:07', '2024-04-02 15:32:16', '2024-04-02 15:33:07', '18910208', 5, '152308103555', 'Internet matot', '20940020', NULL, 6, 100, 'Screenshot_21.jpg', 9, 4),
('INC8649855', '2024-04-02 15:27:27', '2024-04-02 21:27:27', '2024-04-02 15:34:01', '2024-04-02 15:32:30', '2024-04-02 15:34:01', '18910208', 11, '0318439098', 'GGN', '20940020', NULL, 6, 100, 'Screenshot_41.jpg', 9, 4),
('INC8649882', '2024-04-02 15:25:43', '2024-04-02 21:25:43', '2024-04-02 15:34:39', '2024-04-02 15:32:25', '2024-04-02 15:34:39', '18910208', 11, '0318499019', 'Kendla telepon Sejak 1 atau 2 jam lalu - intertnet tidak digunakan', '20940020', NULL, 6, 100, 'Screenshot_32.jpg', 9, 4),
('INC8650104', '2024-04-02 15:21:34', '2024-04-02 21:21:34', '2024-04-02 15:35:02', '2024-04-02 15:32:21', '2024-04-02 15:35:02', '18910208', 11, '0318499018', 'Kendla telepon Sejak 1 atau 2 jam lalu - intertnet tidak digunakan ', '20940020', NULL, 6, 100, 'Screenshot_31.jpg', 9, 4),
('INC8651778', '2024-04-08 16:36:17', '2024-04-08 19:36:17', '2024-04-08 16:59:18', '2024-04-08 16:58:16', '2024-04-08 16:59:18', '18910208', 11, '03185585089', 'PT GO CLEAN INDONESIA // RUKO GATEWAY No.D 36', '18830044', NULL, 6, 100, 'Screenshot_33.jpg', 7, 5),
('INC8671772', '2024-04-08 16:34:44', '2024-04-08 19:34:44', '2024-04-08 17:03:09', '2024-04-08 17:02:13', '2024-04-08 17:03:09', '18910208', 5, '152320208336', 'SQM', '20970061', NULL, 6, 100, 'Screenshot_22.jpg', 10, 4),
('INC8672288', '2024-04-08 16:33:26', '2024-04-08 19:33:26', '2024-04-08 17:05:04', '2024-04-08 17:04:35', '2024-04-08 17:05:04', '18910208', 5, '152305209916', 'WO SQM', '18810028', NULL, 6, 100, 'Screenshot_12.jpg', 6, 4),
('INC8680108', '2024-04-09 15:03:29', '2024-04-09 18:03:29', '2024-04-09 15:42:20', '2024-04-09 15:41:43', '2024-04-09 15:42:20', '18910208', 11, '0318531920', 'Telp dilokasi tidak bisa', '18830044', NULL, 6, 100, 'Screenshot_13.jpg', 7, 5),
('INC8680604', '2024-04-08 16:39:56', '2024-04-08 19:39:56', '2024-04-08 17:04:15', '2024-04-08 17:02:22', '2024-04-08 17:04:15', '18910208', 11, '0315033406', 'LOS', '20970061', NULL, 6, 100, 's5.jpg', 10, 5),
('INC8682062', '2024-04-09 15:05:36', '2024-04-09 18:05:36', '2024-04-09 15:48:32', '2024-04-09 15:43:19', '2024-04-09 15:48:32', '18910208', 5, '152305210345', 'Internet TBC, LOS Merah,imbas telepon', '20920790', NULL, 6, 100, 'Screenshot_23.jpg', 6, 4),
('INC8683213', '2024-04-08 16:40:50', '2024-04-08 19:40:50', '2024-04-08 17:12:42', '2024-04-08 17:11:45', '2024-04-08 17:12:42', '18910208', 5, '152303292132', 'KANTOR KELURAHAN MENUR PUMPUNGAN', '19970172', NULL, 6, 100, 'Screenshot_53.jpg', 1, 4),
('INC8693474', '2024-04-09 15:07:32', '2024-04-09 18:07:32', '2024-04-09 15:55:58', '2024-04-09 15:55:05', '2024-04-09 15:55:58', '18910208', 5, '152308230820', 'LOS', '19919111', NULL, 6, 100, 'Screenshot_34.jpg', 9, 4),
('INC8696111', '2024-04-09 15:13:39', '2024-04-09 18:13:39', '2024-04-09 16:01:06', '2024-04-09 16:00:10', '2024-04-09 16:01:06', '18910208', 11, '0315677352', 'TVRI SURABAYA // MAYJEN SUNGKONO No.124', '20930023', NULL, 6, 100, 'Screenshot_61.jpg', 12, 5),
('INC8697480', '2024-04-09 15:10:54', '2024-04-09 18:10:54', '2024-04-09 15:59:37', '2024-04-09 15:57:35', '2024-04-09 15:59:37', '18910208', 5, '152307207048', ' INET RW KANTOR KEC WONOCOLO', '19910112', NULL, 6, 100, 'Screenshot_54.jpg', 9, 4),
('INC8698287', '2024-04-09 15:09:23', '2024-04-09 18:09:23', '2024-04-09 15:57:07', '2024-04-09 15:56:27', '2024-04-09 15:57:07', '18910208', 5, '152308205848', 'NET KANTOR KEC WONOCOLO (RUANGAN BPK CAMAT)', '18980405', NULL, 6, 100, 'Screenshot_43.jpg', 9, 4),
('INC8698791', '2024-04-09 15:15:09', '2024-04-09 18:15:09', '2024-04-09 15:52:51', '2024-04-09 15:51:21', '2024-04-09 15:52:51', '18910208', 11, '03199687980', 'SMP KRISTEN PETRA 6', '20920790', NULL, 6, 100, 'Screenshot_71.jpg', 6, 5),
('INC8700555', '2024-04-09 15:18:34', '2024-04-09 18:18:34', '2024-04-09 16:09:56', '2024-04-09 16:09:02', '2024-04-09 16:09:56', '18910208', 5, '152320232630', 'PIC : Hasan 082338020769', '18950607', NULL, 6, 100, 'Screenshot_91.jpg', 10, 4),
('INC8700648', '2024-04-09 15:16:37', '2024-04-09 18:16:37', '2024-04-09 16:02:26', '2024-04-09 16:01:33', '2024-04-09 16:02:26', '18910208', 5, '152310239558', 'PT DANAU EMAS GADAI JAWA TIMUR', '20960031', NULL, 6, 100, 'Screenshot_81.jpg', 13, 4),
('INC8702574', '2024-04-09 15:19:54', '2024-04-09 18:19:54', '2024-04-09 16:11:23', '2024-04-09 16:10:35', '2024-04-09 16:11:23', '18910208', 5, '152302218049', ' PT . SEMERU AGUNG GADAI / PAHLAWAN (Sanja) KATAMSO No.31', '20880126', NULL, 6, 100, 'Screenshot_10.jpg', 7, 4),
('INC8703130', '2024-04-09 20:13:58', '2024-04-09 23:13:58', '2024-04-09 20:55:00', '2024-04-09 20:54:26', '2024-04-09 20:55:00', '18910208', 5, '152320200184', 'Internet TBC Indikator modem PON merah', '18910110', NULL, 6, 100, 'Screenshot_14.jpg', 10, 4),
('INC8706656', '2024-04-09 20:17:58', '2024-04-09 23:17:58', '2024-04-09 20:57:43', '2024-04-09 20:56:35', '2024-04-09 20:57:43', '18910208', 3, '1752691690', 'PEMKOT SURABAYA JL. NGAGEL', '18930417', NULL, 6, 100, 'Screenshot_35.jpg', 10, 3),
('INC8706856', '2024-04-09 20:15:11', '2024-04-09 23:15:11', '2024-04-09 20:56:20', '2024-04-09 20:55:42', '2024-04-09 20:56:20', '18910208', 5, '152308218402', 'LOS Merah', '18930417', NULL, 6, 100, 'Screenshot_24.jpg', 9, 4),
('INC8712061', '2024-04-09 20:19:25', '2024-04-09 23:19:25', '2024-04-09 21:00:04', '2024-04-09 20:58:29', '2024-04-09 21:00:04', '18910208', 5, '152302217654', 'CV. LOGAM MULIA// ANGGREK No.58B WAGE SIDOARJO', '20880126', NULL, 6, 100, 'Screenshot_44.jpg', 7, 4),
('INC8733269', '2024-04-09 20:22:27', '2024-04-09 23:22:27', '2024-04-09 21:02:19', '2024-04-09 21:01:50', '2024-04-09 21:02:19', '18910208', 11, '0315680623', 'PT. CHINA CONSTRUCTION BANK INDONESIA', '19940151', NULL, 6, 100, 'Screenshot_62.jpg', 12, 5),
('INC8733508', '2024-04-09 20:20:50', '2024-04-09 23:20:50', '2024-04-09 21:01:25', '2024-04-09 21:00:28', '2024-04-09 21:01:25', '18910208', 11, '0315680624', 'TB IC OG tidak ada nada, Lampu indikator normal. saat di telepon ada nada \"no yang dituju tidak aktif\"', '19930165', NULL, 6, 100, 'Screenshot_55.jpg', 12, 5),
('INC8734564', '2024-04-09 20:26:07', '2024-04-09 23:26:07', '2024-04-09 21:05:25', '2024-04-09 21:04:39', '2024-04-09 21:05:25', '18910208', 11, '0315036338', 'Telpn tdk bsa menerima panggilan , ketika panggilan keluar nada tututu', '20900013', NULL, 6, 100, 'Screenshot_82.jpg', 10, 5),
('INC8736531', '2024-04-09 20:24:42', '2024-04-09 23:24:42', '2024-04-09 21:03:21', '2024-04-09 21:02:49', '2024-04-09 21:03:21', '18910208', 11, '0318417411', 'LIE HOK AN // JAGIR WONOKROMO No.98/B9-1', '19940153', NULL, 6, 100, 'Screenshot_72.jpg', 9, 5),
('INC8741681', '2024-04-09 20:29:50', '2024-04-09 23:29:50', '2024-04-09 21:07:16', '2024-04-09 21:06:44', '2024-04-09 21:07:16', '18910208', 5, '152303296295', 'SMP DR SOETOMO// MANYAR REJO', '19930170', NULL, 6, 100, 'Screenshot_101.jpg', 1, 4),
('INC8742539', '2024-04-09 20:28:22', '2024-04-09 23:28:22', '2024-04-09 21:06:19', '2024-04-09 21:05:47', '2024-04-09 21:06:19', '18910208', 5, '152320101432', 'LOS', '20970061', NULL, 6, 100, 'Screenshot_92.jpg', 10, 4),
('INC8888823', '2024-07-30 13:50:00', '2024-07-30 16:50:00', '2024-07-30 08:54:32', '2024-07-30 08:54:06', '2024-07-30 08:54:32', '17900219', 5, '15299992329', 'Isi deskripsi', '20960020', '18810028', 6, 100, 'photo_2024-06-19_11-35-281.jpg', 7, 4),
('INC9283201', '2024-07-30 13:40:00', '2024-07-30 16:40:00', '2024-07-30 08:48:15', '2024-07-30 08:47:40', '2024-07-30 08:48:15', '17900219', 5, '152932132102', 'Isi Deskripsi Create Ticket', '20960020', '18900157', 6, 100, 'photo_2024-06-18_15-19-131.jpg', 7, 4),
('INC928320123', '2024-07-30 13:41:00', '0000-00-00 00:00:00', '2024-07-30 08:42:05', '0000-00-00 00:00:00', '0000-00-00 00:00:00', '17900219', 5, '15230821212', 'Isi Deskripsi', '', NULL, 1, 0, 'photo_2024-06-18_11-44-05_(2).jpg', 7, 0);

-- --------------------------------------------------------

--
-- Struktur dari tabel `tracking`
--

CREATE TABLE `tracking` (
  `id_tracking` bigint(11) UNSIGNED NOT NULL,
  `id_ticket` varchar(13) NOT NULL,
  `tanggal` datetime NOT NULL,
  `status` text NOT NULL,
  `deskripsi` varchar(255) DEFAULT NULL,
  `id_user` varchar(10) NOT NULL,
  `filefoto` text NOT NULL,
  `id_rfo` int(11) DEFAULT NULL
) ENGINE=InnoDB DEFAULT CHARSET=latin1 COLLATE=latin1_swedish_ci;

--
-- Dumping data untuk tabel `tracking`
--

INSERT INTO `tracking` (`id_tracking`, `id_ticket`, `tanggal`, `status`, `deskripsi`, `id_user`, `filefoto`, `id_rfo`) VALUES
(131, 'INC7617390', '2024-03-26 16:38:07', 'Ticket Submited. Category: ()', 'METRO CCTV BUNDARAN SATELIT', '18910208', '', NULL),
(132, 'INC7617390', '2024-03-26 16:38:32', 'Ticket Received', 'Priority of the ticket is set to K3 and assigned to technician.', '20971111', '', NULL),
(133, 'INC7617390', '2024-03-26 16:39:15', 'On Process', '', '20941126', '', NULL),
(134, 'INC7617390', '2024-03-26 16:40:13', 'Progress: 50 %', 'Cek ODP', '20941126', 'photo_2024-03-26_16-39-51.jpg', NULL),
(135, 'INC7617390', '2024-03-26 16:44:21', 'Ticket Closed. Progress: 100 %', 'Ganti ont Baru 1 pcs\r\nODP DMO FKV/08 PORT 4\r\nTVj0PNH6EVE6', '20941126', 'photo_2024-03-26_16-40-02.jpg', NULL),
(136, 'INC8626902', '2024-04-02 14:13:51', 'Ticket Submited. Category: ()', 'Logic', '18910208', '', NULL),
(137, 'INC8626902', '2024-04-02 14:26:06', 'Ticket Received', 'Priority of the ticket is set to HSI and assigned to technician.', '20940780', '', NULL),
(138, 'INC8626902', '2024-04-02 14:27:11', 'On Process', '', '20880126', '', NULL),
(139, 'INC8626902', '2024-04-02 14:28:18', 'Ticket Closed. Progress: 100 %', 'Update|unspec|152302209768| cek lokasi gudang tutup n cek ODP redaman aman -18', '20880126', 'photo_2024-04-02_14-13-37.jpg', NULL),
(140, 'INC8604371', '2024-04-02 14:36:56', 'Ticket Submited. Category: ()', 'ONT Rusak', '18910208', '', NULL),
(141, 'INC8604371', '2024-04-02 14:37:47', 'Ticket Received', 'Priority of the ticket is set to HSI and assigned to technician.', '20940780', '', NULL),
(142, 'INC8604371', '2024-04-02 14:38:36', 'On Process', '', '20860005', '', NULL),
(143, 'INC8604371', '2024-04-02 14:40:08', 'Ticket Closed. Progress: 100 %', 'Ganti ONT', '20860005', 'Screenshot_2.jpg', NULL),
(144, 'INC8632678', '2024-04-02 14:45:08', 'Ticket Submited. Category: ()', 'PANGGUNG ELECTRIC CITRABUANA// RAYA WARU No.1', '18910208', '', NULL),
(145, 'INC8635161', '2024-04-02 14:46:04', 'Ticket Submited. Category: ()', ' PT. TOGAMAS SAPTAKARSA SEDAYA', '18910208', '', NULL),
(146, 'INC8637647', '2024-04-02 14:47:38', 'Ticket Submited. Category: ()', 'PANGGUNG ELECTRIC CORPORATION', '18910208', '', NULL),
(147, 'INC8637739', '2024-04-02 14:49:34', 'Ticket Submited. Category: ()', 'GAYUNGSARI BARAT No.34 GAYUNGAN SURABAYA', '18910208', '', NULL),
(148, 'INC8638493', '2024-04-02 14:51:43', 'Ticket Submited. Category: ()', 'JOJORAN PERINTIS 3', '18910208', '', NULL),
(149, 'INC8641288', '2024-04-02 14:53:37', 'Ticket Submited. Category: ()', 'Internet TBC Indikator modem los merah. berimbas Telepon TB IC nada tdk ada. tb OG nada tdk ada\r\nSolusi Awal :- Sudah restart modem- Kabel tidak ada yang terlepas atau terputus', '18910208', '', NULL),
(150, 'INC8632678', '2024-04-02 14:55:11', 'Ticket Received', 'Priority of the ticket is set to HSI and assigned to technician.', '20940780', '', NULL),
(151, 'INC8635161', '2024-04-02 14:55:40', 'Ticket Received', 'Priority of the ticket is set to HSI and assigned to technician.', '20940780', '', NULL),
(152, 'INC8637647', '2024-04-02 14:55:55', 'Ticket Received', 'Priority of the ticket is set to HSI and assigned to technician.', '20940780', '', NULL),
(153, 'INC8632678', '2024-04-02 14:57:16', 'On Process', '', '20880126', '', NULL),
(154, 'INC8637647', '2024-04-02 14:57:21', 'On Process', '', '20880126', '', NULL),
(155, 'INC8632678', '2024-04-02 14:57:57', 'Ticket Closed. Progress: 100 %', 'Sambung ulang dc', '20880126', 'photo_2024-04-02_14-44-00.jpg', NULL),
(156, 'INC8637647', '2024-04-02 14:58:29', 'Ticket Closed. Progress: 100 %', 'Sambung ulang DC', '20880126', 'photo_2024-04-02_14-44-001.jpg', NULL),
(157, 'INC8635161', '2024-04-02 14:58:53', 'On Process', '', '20900013', '', NULL),
(158, 'INC8635161', '2024-04-02 14:59:29', 'Ticket Closed. Progress: 100 %', 'SAMBUL DC PUTUS IMBAS PEMASANGAN CCTV', '20900013', 'photo_2024-04-02_14-45-48.jpg', NULL),
(159, 'INC8637739', '2024-04-02 15:00:18', 'Ticket Received', 'Priority of the ticket is set to HSI and assigned to technician.', '20940780', '', NULL),
(160, 'INC8638493', '2024-04-02 15:00:34', 'Ticket Received', 'Priority of the ticket is set to HSI and assigned to technician.', '20940780', '', NULL),
(161, 'INC8641288', '2024-04-02 15:00:47', 'Ticket Received', 'Priority of the ticket is set to HSI and assigned to technician.', '20940780', '', NULL),
(162, 'INC8641288', '2024-04-02 15:01:51', 'On Process', '', '20870010', '', NULL),
(163, 'INC8641288', '2024-04-02 15:02:17', 'Ticket Closed. Progress: 100 %', 'Sambung ulang DC', '20870010', 'photo_2024-04-02_15-01-36.jpg', NULL),
(164, 'INC8638493', '2024-04-02 15:02:45', 'On Process', '', '19970172', '', NULL),
(165, 'INC8638493', '2024-04-02 15:03:26', 'Ticket Closed. Progress: 100 %', 'Ganti adaptor ONT', '19970172', 'photo_2024-04-01_12-35-43.jpg', NULL),
(166, 'INC8637739', '2024-04-02 15:04:10', 'On Process', '', '20860005', '', NULL),
(167, 'INC8637739', '2024-04-02 15:04:56', 'Ticket Closed. Progress: 100 %', 'By pass ont layanan oke,edukasi pespon pelanggan bermasalah', '20860005', 'photo_2024-04-02_15-04-36.jpg', NULL),
(168, 'INC8608011', '2024-04-02 15:07:29', 'Ticket Submited. Category: ()', 'Nomer wifi saya. Kenapa internetnya tidak bisa yaMohon bantuannya rekan untuk pengecekan dan perbaikannya. ', '18910208', '', NULL),
(169, 'INC8646270', '2024-04-02 15:08:58', 'Ticket Submited. Category: ()', 'VAPEBOSS_PT. ROKOK ELEKTRIK ', '18910208', '', NULL),
(170, 'INC8646696', '2024-04-02 15:10:09', 'Ticket Submited. Category: ()', 'Mati Total, status ONT LOS', '18910208', '', NULL),
(171, 'INC8608011', '2024-04-02 15:11:44', 'Ticket Received', 'Priority of the ticket is set to HSI and assigned to technician.', '20940780', '', NULL),
(172, 'INC8646270', '2024-04-02 15:12:04', 'Ticket Received', 'Priority of the ticket is set to HSI and assigned to technician.', '20940780', '', NULL),
(173, 'INC8646696', '2024-04-02 15:12:19', 'Ticket Received', 'Priority of the ticket is set to HSI and assigned to technician.', '20940780', '', NULL),
(174, 'INC8646696', '2024-04-02 15:13:32', 'On Process', '', '19970172', '', NULL),
(175, 'INC8646696', '2024-04-02 15:13:58', 'Ticket Closed. Progress: 100 %', 'Ganti adaptor SC di ODP', '19970172', 'photo_2024-04-02_15-13-15.jpg', NULL),
(176, 'INC8646270', '2024-04-02 15:14:18', 'On Process', '', '20880126', '', NULL),
(177, 'INC8646270', '2024-04-02 15:15:25', 'Ticket Closed. Progress: 100 %', 'Sambul DC', '20880126', 'photo_2024-04-02_15-12-55.jpg', NULL),
(178, 'INC8608011', '2024-04-02 15:15:42', 'On Process', '', '20870010', '', NULL),
(179, 'INC8608011', '2024-04-02 15:16:31', 'Ticket Closed. Progress: 100 %', 'Reset ulang ONT', '20870010', 'photo_2024-04-02_15-07-04.jpg', NULL),
(180, 'INC8646661', '2024-04-02 15:19:24', 'Ticket Submited. Category: ()', 'B IC OG tidak ada nada , Los Merah', '18910208', '', NULL),
(181, 'INC8647883', '2024-04-02 15:20:34', 'Ticket Submited. Category: ()', 'Internet matot', '18910208', '', NULL),
(182, 'INC8650104', '2024-04-02 15:21:34', 'Ticket Submited. Category: ()', 'Kendla telepon Sejak 1 atau 2 jam lalu - intertnet tidak digunakan ', '18910208', '', NULL),
(183, 'INC8649882', '2024-04-02 15:25:43', 'Ticket Submited. Category: ()', 'Kendla telepon Sejak 1 atau 2 jam lalu - intertnet tidak digunakan', '18910208', '', NULL),
(184, 'INC8649855', '2024-04-02 15:27:27', 'Ticket Submited. Category: ()', 'GGN', '18910208', '', NULL),
(185, 'INC8646661', '2024-04-02 15:28:27', 'Ticket Received', 'Priority of the ticket is set to HSI and assigned to technician.', '20940780', '', NULL),
(186, 'INC8647883', '2024-04-02 15:28:44', 'Ticket Received', 'Priority of the ticket is set to HSI and assigned to technician.', '20940780', '', NULL),
(187, 'INC8649855', '2024-04-02 15:29:00', 'Ticket Received', 'Priority of the ticket is set to HSI and assigned to technician.', '20940780', '', NULL),
(188, 'INC8649882', '2024-04-02 15:29:12', 'Ticket Received', 'Priority of the ticket is set to HSI and assigned to technician.', '20940780', '', NULL),
(189, 'INC8650104', '2024-04-02 15:29:23', 'Ticket Received', 'Priority of the ticket is set to HSI and assigned to technician.', '20940780', '', NULL),
(190, 'INC8646661', '2024-04-02 15:29:44', 'On Process', '', '20900013', '', NULL),
(191, 'INC8646661', '2024-04-02 15:31:15', 'Ticket Closed. Progress: 100 %', 'Sambul DC', '20900013', 'Screenshot_1.jpg', NULL),
(192, 'INC8647883', '2024-04-02 15:32:16', 'On Process', '', '20940020', '', NULL),
(193, 'INC8650104', '2024-04-02 15:32:21', 'On Process', '', '20940020', '', NULL),
(194, 'INC8649882', '2024-04-02 15:32:25', 'On Process', '', '20940020', '', NULL),
(195, 'INC8649855', '2024-04-02 15:32:30', 'On Process', '', '20940020', '', NULL),
(196, 'INC8647883', '2024-04-02 15:33:07', 'Ticket Closed. Progress: 100 %', 'Tarik + sambung DC', '20940020', 'photo_2024-04-02_15-32-52.jpg', NULL),
(197, 'INC8649855', '2024-04-02 15:34:01', 'Ticket Closed. Progress: 100 %', 'Tarik ulang sisa DC', '20940020', 'Screenshot_4.jpg', NULL),
(198, 'INC8649882', '2024-04-02 15:34:39', 'Ticket Closed. Progress: 100 %', 'REPAIR pasif 1:8 di ODP', '20940020', 'photo_2024-04-02_15-34-21.jpg', NULL),
(199, 'INC8650104', '2024-04-02 15:35:02', 'Ticket Closed. Progress: 100 %', 'REPAIR pasif 1:8 di ODP', '20940020', '1111.jpg', NULL),
(200, 'INC8631457', '2024-04-02 15:41:17', 'Ticket Submited. Category: ()', ' VPNIP_NODE BANK SYARIAH BRI BANK SYARIAH INDONESIA JL DR. IR. H SOEKARNO NO 370', '18910208', '', NULL),
(201, 'INC8631767', '2024-04-02 15:44:34', 'Ticket Submited. Category: ()', 'MM_ASTINET BANK SYARIAH BRI BANK SYARIAH INDONESIA JL DR. IR. H SOEKARNO NO 370', '18910208', '', NULL),
(202, 'INC8631457', '2024-04-02 15:46:39', 'Ticket Received', 'Priority of the ticket is set to K3 and assigned to technician.', '20940780', '', NULL),
(203, 'INC8631767', '2024-04-02 15:46:51', 'Ticket Received', 'Priority of the ticket is set to K3 and assigned to technician.', '20940780', '', NULL),
(204, 'INC8631457', '2024-04-02 15:47:09', 'On Process', '', '18950920', '', NULL),
(205, 'INC8631767', '2024-04-02 15:47:14', 'On Process', '', '18950920', '', NULL),
(206, 'INC8631457', '2024-04-02 15:48:08', 'Progress: 50 %', 'Cek distri ODP', '18950920', 'photo_2024-04-02_15-38-36.jpg', NULL),
(207, 'INC8631767', '2024-04-02 15:48:25', 'Progress: 50 %', 'Cek distri ODP', '18950920', 'photo_2024-04-02_15-38-361.jpg', NULL),
(208, 'INC8631457', '2024-04-02 15:49:06', 'Ticket Closed. Progress: 100 %', 'SAmbung ulang distribusi di ODP', '18950920', 'photo_2024-04-02_15-47-41.jpg', NULL),
(209, 'INC8631767', '2024-04-02 15:49:27', 'Ticket Closed. Progress: 100 %', 'Sambung ulang distribusi di ODP', '18950920', 'photo_2024-04-02_15-38-40.jpg', NULL),
(210, 'INC8672288', '2024-04-08 16:33:26', 'Ticket Submited. Category: ()', 'WO SQM', '18910208', '', NULL),
(211, 'INC8671772', '2024-04-08 16:34:44', 'Ticket Submited. Category: ()', 'SQM', '18910208', '', NULL),
(212, 'INC8651778', '2024-04-08 16:36:18', 'Ticket Submited. Category: ()', 'PT GO CLEAN INDONESIA // RUKO GATEWAY No.D 36', '18910208', '', NULL),
(213, 'INC8641340', '2024-04-08 16:38:09', 'Ticket Submited. Category: ()', 'LOS', '18910208', '', NULL),
(214, 'INC8680604', '2024-04-08 16:39:56', 'Ticket Submited. Category: ()', 'LOS', '18910208', '', NULL),
(215, 'INC8683213', '2024-04-08 16:40:50', 'Ticket Submited. Category: ()', 'KANTOR KELURAHAN MENUR PUMPUNGAN', '18910208', '', NULL),
(216, 'INC8641340', '2024-04-08 16:42:18', 'Ticket Received', 'Priority of the ticket is set to HSI and assigned to technician.', '22000144', '', NULL),
(217, 'INC8651778', '2024-04-08 16:55:05', 'Ticket Received', 'Priority of the ticket is set to VOICE and assigned to technician.', '22000144', '', NULL),
(218, 'INC8671772', '2024-04-08 16:56:53', 'Ticket Received', 'Priority of the ticket is set to HSI and assigned to technician.', '22000144', '', NULL),
(219, 'INC8672288', '2024-04-08 16:57:09', 'Ticket Received', 'Priority of the ticket is set to HSI and assigned to technician.', '22000144', '', NULL),
(220, 'INC8680604', '2024-04-08 16:57:29', 'Ticket Received', 'Priority of the ticket is set to VOICE and assigned to technician.', '22000144', '', NULL),
(221, 'INC8683213', '2024-04-08 16:57:50', 'Ticket Received', 'Priority of the ticket is set to HSI and assigned to technician.', '22000144', '', NULL),
(222, 'INC8651778', '2024-04-08 16:58:16', 'On Process', '', '18830044', '', NULL),
(223, 'INC8651778', '2024-04-08 16:59:18', 'Ticket Closed. Progress: 100 %', 'Done sambul', '18830044', 'ss3.jpg', NULL),
(224, 'INC8641340', '2024-04-08 17:01:06', 'On Process', '', '20880126', '', NULL),
(225, 'INC8641340', '2024-04-08 17:01:51', 'Ticket Closed. Progress: 100 %', 'Done', '20880126', 'ss4.jpg', NULL),
(226, 'INC8671772', '2024-04-08 17:02:13', 'On Process', '', '20970061', '', NULL),
(227, 'INC8680604', '2024-04-08 17:02:22', 'On Process', '', '20970061', '', NULL),
(228, 'INC8671772', '2024-04-08 17:03:09', 'Ticket Closed. Progress: 100 %', 'Done', '20970061', 'ss2.jpg', NULL),
(229, 'INC8680604', '2024-04-08 17:04:15', 'Ticket Closed. Progress: 100 %', 'Done', '20970061', 'ss5.jpg', NULL),
(230, 'INC8672288', '2024-04-08 17:04:35', 'On Process', '', '18810028', '', NULL),
(231, 'INC8672288', '2024-04-08 17:05:04', 'Ticket Closed. Progress: 100 %', 'Done sambul', '18810028', 'photo_2024-04-02_13-17-57.jpg', NULL),
(232, 'INC8683213', '2024-04-08 17:11:45', 'On Process', '', '19970172', '', NULL),
(233, 'INC8683213', '2024-04-08 17:12:42', 'Ticket Closed. Progress: 100 %', 'Done sambul', '19970172', 'sss5.jpg', NULL),
(234, 'INC8680108', '2024-04-09 15:03:29', 'Ticket Submited. Category: ()', 'Telp dilokasi tidak bisa', '18910208', '', NULL),
(235, 'INC8682062', '2024-04-09 15:05:36', 'Ticket Submited. Category: ()', 'Internet TBC, LOS Merah,imbas telepon', '18910208', '', NULL),
(236, 'INC8693474', '2024-04-09 15:07:32', 'Ticket Submited. Category: ()', 'LOS', '18910208', '', NULL),
(237, 'INC8698287', '2024-04-09 15:09:23', 'Ticket Submited. Category: ()', 'NET KANTOR KEC WONOCOLO (RUANGAN BPK CAMAT)', '18910208', '', NULL),
(238, 'INC8697480', '2024-04-09 15:10:54', 'Ticket Submited. Category: ()', ' INET RW KANTOR KEC WONOCOLO', '18910208', '', NULL),
(239, 'INC8696111', '2024-04-09 15:13:39', 'Ticket Submited. Category: ()', 'TVRI SURABAYA // MAYJEN SUNGKONO No.124', '18910208', '', NULL),
(240, 'INC8698791', '2024-04-09 15:15:09', 'Ticket Submited. Category: ()', 'SMP KRISTEN PETRA 6', '18910208', '', NULL),
(241, 'INC8700648', '2024-04-09 15:16:37', 'Ticket Submited. Category: ()', 'PT DANAU EMAS GADAI JAWA TIMUR', '18910208', '', NULL),
(242, 'INC8700555', '2024-04-09 15:18:34', 'Ticket Submited. Category: ()', 'PIC : Hasan 082338020769', '18910208', '', NULL),
(243, 'INC8702574', '2024-04-09 15:19:55', 'Ticket Submited. Category: ()', ' PT . SEMERU AGUNG GADAI / PAHLAWAN (Sanja) KATAMSO No.31', '18910208', '', NULL),
(244, 'INC8680108', '2024-04-09 15:21:05', 'Ticket Received', 'Priority of the ticket is set to VOICE and assigned to technician.', '20971111', '', NULL),
(245, 'INC8682062', '2024-04-09 15:24:04', 'Ticket Received', 'Priority of the ticket is set to HSI and assigned to technician.', '20971111', '', NULL),
(246, 'INC8693474', '2024-04-09 15:24:29', 'Ticket Received', 'Priority of the ticket is set to HSI and assigned to technician.', '20971111', '', NULL),
(247, 'INC8696111', '2024-04-09 15:24:53', 'Ticket Received', 'Priority of the ticket is set to VOICE and assigned to technician.', '20971111', '', NULL),
(248, 'INC8697480', '2024-04-09 15:25:12', 'Ticket Received', 'Priority of the ticket is set to HSI and assigned to technician.', '20971111', '', NULL),
(249, 'INC8698287', '2024-04-09 15:25:31', 'Ticket Received', 'Priority of the ticket is set to HSI and assigned to technician.', '20971111', '', NULL),
(250, 'INC8698791', '2024-04-09 15:26:01', 'Ticket Received', 'Priority of the ticket is set to VOICE and assigned to technician.', '20971111', '', NULL),
(251, 'INC8700555', '2024-04-09 15:32:07', 'Ticket Received', 'Priority of the ticket is set to HSI and assigned to technician.', '20971111', '', NULL),
(252, 'INC8700648', '2024-04-09 15:33:23', 'Ticket Received', 'Priority of the ticket is set to HSI and assigned to technician.', '20971111', '', NULL),
(253, 'INC8702574', '2024-04-09 15:33:39', 'Ticket Received', 'Priority of the ticket is set to HSI and assigned to technician.', '20971111', '', NULL),
(254, 'INC8680108', '2024-04-09 15:41:43', 'On Process', '', '18830044', '', NULL),
(255, 'INC8680108', '2024-04-09 15:42:20', 'Ticket Closed. Progress: 100 %', 'Done ', '18830044', 'ss1.jpg', NULL),
(256, 'INC8682062', '2024-04-09 15:43:19', 'On Process', '', '20920790', '', NULL),
(257, 'INC8682062', '2024-04-09 15:48:32', 'Ticket Closed. Progress: 100 %', 'Done ', '20920790', 'ss21.jpg', NULL),
(258, 'INC8698791', '2024-04-09 15:51:21', 'On Process', '', '20920790', '', NULL),
(259, 'INC8698791', '2024-04-09 15:52:51', 'Ticket Closed. Progress: 100 %', 'Perangkat internal bermasalah', '20920790', 'ss7.jpg', NULL),
(260, 'INC8693474', '2024-04-09 15:55:05', 'On Process', '', '19919111', '', NULL),
(261, 'INC8693474', '2024-04-09 15:55:58', 'Ticket Closed. Progress: 100 %', 'Tarik ulang sisa dc dan sambul', '19919111', 'ss31.jpg', NULL),
(262, 'INC8698287', '2024-04-09 15:56:27', 'On Process', '', '18980405', '', NULL),
(263, 'INC8698287', '2024-04-09 15:57:07', 'Ticket Closed. Progress: 100 %', 'Done ', '18980405', 'ss41.jpg', NULL),
(264, 'INC8697480', '2024-04-09 15:57:35', 'On Process', '', '19910112', '', NULL),
(265, 'INC8697480', '2024-04-09 15:59:37', 'Ticket Closed. Progress: 100 %', 'Done TSC imbas modem pindah lokasi', '19910112', 'ss51.jpg', NULL),
(266, 'INC8696111', '2024-04-09 16:00:10', 'On Process', '', '20930023', '', NULL),
(267, 'INC8696111', '2024-04-09 16:01:06', 'Ticket Closed. Progress: 100 %', 'Perangkat pelanggan bermasalah', '20930023', 'ss6.jpg', NULL),
(268, 'INC8700648', '2024-04-09 16:01:33', 'On Process', '', '20960031', '', NULL),
(269, 'INC8700648', '2024-04-09 16:02:26', 'Ticket Closed. Progress: 100 %', 'Sambung ulang dc', '20960031', 'ss8.jpg', NULL),
(270, 'INC8700555', '2024-04-09 16:03:18', 'Pending', '', '18950607', '', NULL),
(271, 'INC8700555', '2024-04-09 16:09:02', 'On Process', '', '18950607', '', NULL),
(272, 'INC8700555', '2024-04-09 16:09:56', 'Ticket Closed. Progress: 100 %', 'Ganti patchcord 1pcs', '18950607', 'ss9.jpg', NULL),
(273, 'INC8702574', '2024-04-09 16:10:35', 'On Process', '', '20880126', '', NULL),
(274, 'INC8702574', '2024-04-09 16:11:23', 'Ticket Closed. Progress: 100 %', 'Config ulang inet', '20880126', 'sss10.jpg', NULL),
(275, 'INC8703130', '2024-04-09 20:13:58', 'Ticket Submited. Category: ()', 'Internet TBC Indikator modem PON merah', '18910208', '', NULL),
(276, 'INC8706856', '2024-04-09 20:15:11', 'Ticket Submited. Category: ()', 'LOS Merah', '18910208', '', NULL),
(277, 'INC8706656', '2024-04-09 20:17:59', 'Ticket Submited. Category: ()', 'PEMKOT SURABAYA JL. NGAGEL', '18910208', '', NULL),
(278, 'INC8712061', '2024-04-09 20:19:25', 'Ticket Submited. Category: ()', 'CV. LOGAM MULIA// ANGGREK No.58B WAGE SIDOARJO', '18910208', '', NULL),
(279, 'INC8733508', '2024-04-09 20:20:50', 'Ticket Submited. Category: ()', 'TB IC OG tidak ada nada, Lampu indikator normal. saat di telepon ada nada \"no yang dituju tidak aktif\"', '18910208', '', NULL),
(280, 'INC8733269', '2024-04-09 20:22:27', 'Ticket Submited. Category: ()', 'PT. CHINA CONSTRUCTION BANK INDONESIA', '18910208', '', NULL),
(281, 'INC8736531', '2024-04-09 20:24:42', 'Ticket Submited. Category: ()', 'LIE HOK AN // JAGIR WONOKROMO No.98/B9-1', '18910208', '', NULL),
(282, 'INC8734564', '2024-04-09 20:26:08', 'Ticket Submited. Category: ()', 'Telpn tdk bsa menerima panggilan , ketika panggilan keluar nada tututu', '18910208', '', NULL),
(283, 'INC8742539', '2024-04-09 20:28:22', 'Ticket Submited. Category: ()', 'LOS', '18910208', '', NULL),
(284, 'INC8741681', '2024-04-09 20:29:50', 'Ticket Submited. Category: ()', 'SMP DR SOETOMO// MANYAR REJO', '18910208', '', NULL),
(285, 'INC8703130', '2024-04-09 20:33:22', 'Ticket Received', 'Priority of the tiket is set to HSI and assigned to Teknisi.', '22000144', '', NULL),
(286, 'INC8706656', '2024-04-09 20:34:41', 'Ticket Received', 'Priority of the tiket is set to K3 and assigned to Teknisi.', '22000144', '', NULL),
(287, 'INC8706856', '2024-04-09 20:35:09', 'Ticket Received', 'Priority of the tiket is set to HSI and assigned to Teknisi.', '22000144', '', NULL),
(288, 'INC8712061', '2024-04-09 20:35:51', 'Ticket Received', 'Priority of the tiket is set to HSI and assigned to Teknisi.', '22000144', '', NULL),
(289, 'INC8733269', '2024-04-09 20:40:14', 'Ticket Received', 'Priority of the tiket is set to VOICE and assigned to Teknisi.', '22000144', '', NULL),
(290, 'INC8733508', '2024-04-09 20:42:45', 'Ticket Received', 'Priority of the tiket is set to VOICE and assigned to Teknisi.', '22000144', '', NULL),
(291, 'INC8734564', '2024-04-09 20:44:57', 'Ticket Received', 'Priority of the tiket is set to VOICE and assigned to Teknisi.', '22000144', '', NULL),
(292, 'INC8736531', '2024-04-09 20:51:35', 'Ticket Received', 'Priority of the tiket is set to VOICE and assigned to Teknisi.', '22000144', '', NULL),
(293, 'INC8741681', '2024-04-09 20:53:04', 'Ticket Received', 'Priority of the tiket is set to HSI and assigned to Teknisi.', '22000144', '', NULL),
(294, 'INC8742539', '2024-04-09 20:53:26', 'Ticket Received', 'Priority of the tiket is set to HSI and assigned to Teknisi.', '22000144', '', NULL),
(295, 'INC8703130', '2024-04-09 20:54:26', 'On Process', '', '18910110', '', NULL),
(296, 'INC8703130', '2024-04-09 20:55:00', 'Ticket Closed. Progress: 100 %', 'Sambung ulang dc', '18910110', 'ss11.jpg', NULL),
(297, 'INC8706856', '2024-04-09 20:55:42', 'On Process', '', '18930417', '', NULL),
(298, 'INC8706856', '2024-04-09 20:56:20', 'Ticket Closed. Progress: 100 %', 'Sambul dc', '18930417', 'ss22.jpg', NULL),
(299, 'INC8706656', '2024-04-09 20:56:35', 'On Process', '', '18930417', '', NULL),
(300, 'INC8706656', '2024-04-09 20:57:16', 'Progress: 50 %', 'Trace dc', '18930417', 'ss32.jpg', NULL),
(301, 'INC8706656', '2024-04-09 20:57:43', 'Ticket Closed. Progress: 100 %', 'Done sambung ulang dc', '18930417', 'ss3-1.jpg', NULL),
(302, 'INC8712061', '2024-04-09 20:58:29', 'On Process', '', '20880126', '', NULL),
(303, 'INC8712061', '2024-04-09 21:00:04', 'Ticket Closed. Progress: 100 %', 'Done', '20880126', 'ss42.jpg', NULL),
(304, 'INC8733508', '2024-04-09 21:00:28', 'On Process', '', '19930165', '', NULL),
(305, 'INC8733508', '2024-04-09 21:01:25', 'Ticket Closed. Progress: 100 %', 'Done ganti power supply ont', '19930165', 'ss52.jpg', NULL),
(306, 'INC8733269', '2024-04-09 21:01:50', 'On Process', '', '19940151', '', NULL),
(307, 'INC8733269', '2024-04-09 21:02:19', 'Ticket Closed. Progress: 100 %', 'Ganti ONT', '19940151', 'ss61.jpg', NULL),
(308, 'INC8736531', '2024-04-09 21:02:49', 'On Process', '', '19940153', '', NULL),
(309, 'INC8736531', '2024-04-09 21:03:21', 'Ticket Closed. Progress: 100 %', 'Revisi IKG', '19940153', 'ss71.jpg', NULL),
(310, 'INC8734564', '2024-04-09 21:04:39', 'On Process', '', '20900013', '', NULL),
(311, 'INC8734564', '2024-04-09 21:05:25', 'Ticket Closed. Progress: 100 %', 'Reconfig voip', '20900013', 'ss81.jpg', NULL),
(312, 'INC8742539', '2024-04-09 21:05:47', 'On Process', '', '20970061', '', NULL),
(313, 'INC8742539', '2024-04-09 21:06:19', 'Ticket Closed. Progress: 100 %', 'Perapian passive ODP', '20970061', 'ss91.jpg', NULL),
(314, 'INC8741681', '2024-04-09 21:06:44', 'On Process', '', '19930170', '', NULL),
(315, 'INC8741681', '2024-04-09 21:07:16', 'Ticket Closed. Progress: 100 %', 'Close by pelanggan', '19930170', 'ss10.jpg', NULL),
(316, 'INC190424', '2024-04-19 22:28:14', 'Ticket Submited. Category: ()', 'LOS MERAH', '18910208', '', NULL),
(317, 'INC190424', '2024-04-19 22:32:22', 'Ticket Received', 'Priority of the tiket is set to K2 and assigned to Teknisi.', '22000144', '', NULL),
(318, 'INC190424', '2024-04-19 22:34:31', 'On Process', '', '19970172', '', NULL),
(319, 'INC190424', '2024-04-19 22:36:08', 'Progress: 50 %', 'Perapiha ikr', '19970172', 'JBN_WALK_CHALLENGE.jpg', NULL),
(320, 'INC190424', '2024-04-19 22:39:59', 'Ticket Closed. Progress: 100 %', 'Done perbaikan', '19970172', 'JBN_WALK_CHALLENGE1.jpg', NULL),
(321, 'INC10213008', '2024-05-05 13:50:11', 'Ticket Submited. Category: ()', 'LOS', '18910208', '', NULL),
(322, 'INC10213008', '2024-05-05 13:51:11', 'Ticket Received', 'Priority of the tiket is set to HSI and assigned to Teknisi.', '22000144', '', NULL),
(323, 'INC10213008', '2024-05-05 13:51:39', 'On Process', '', '20940762', '', NULL),
(324, 'INC10213008', '2024-05-05 13:52:09', 'Ticket Closed. Progress: 100 %', 'Sambul dc', '20940762', '1.jpg', NULL),
(325, 'INC10186848', '2024-05-10 18:59:21', 'Ticket Submited. Category: ()', 'PDA', '18910208', '', NULL),
(326, 'INC10225586', '2024-05-10 19:00:49', 'Ticket Submited. Category: ()', 'Modem Indikator Merah', '18910208', '', NULL),
(327, 'INC10228515', '2024-05-10 19:01:55', 'Ticket Submited. Category: ()', 'Modem matot', '18910208', '', NULL),
(328, 'INC10187864', '2024-05-10 19:03:28', 'Ticket Submited. Category: ()', 'Telp matot', '18910208', '', NULL),
(329, 'INC10233171', '2024-05-10 19:05:53', 'Ticket Submited. Category: ()', 'Inet tidak bisa ', '18910208', '', NULL),
(330, 'INC10133368', '2024-05-10 19:08:05', 'Ticket Submited. Category: ()', 'Distribusi LOS', '18910208', '', NULL),
(331, 'INC10245068', '2024-05-10 19:09:11', 'Ticket Submited. Category: ()', 'Telpon nada sibuk', '18910208', '', NULL),
(332, 'INC10231510', '2024-05-10 19:10:23', 'Ticket Submited. Category: ()', 'Telp tidak bisa', '18910208', '', NULL),
(333, 'INC10242154', '2024-05-10 19:11:58', 'Ticket Submited. Category: ()', 'PERUM GAS NEGARA JL. DARMOKALI', '18910208', '', NULL),
(334, 'INC10227454', '2024-05-10 19:13:18', 'Ticket Submited. Category: ()', 'Lampu inet padam', '18910208', '', NULL),
(335, 'INC10245068', '2024-05-10 19:14:23', 'Ticket Received', 'Priority of the tiket is set to HSI and assigned to Teknisi.', '22000144', '', NULL),
(336, 'INC10242154', '2024-05-10 19:15:06', 'Ticket Received', 'Priority of the tiket is set to K3 and assigned to Teknisi.', '22000144', '', NULL),
(337, 'INC10233171', '2024-05-10 19:15:35', 'Ticket Received', 'Priority of the tiket is set to HSI and assigned to Teknisi.', '22000144', '', NULL),
(338, 'INC10231510', '2024-05-10 19:15:55', 'Ticket Received', 'Priority of the tiket is set to VOICE and assigned to Teknisi.', '22000144', '', NULL),
(339, 'INC10228515', '2024-05-10 19:16:18', 'Ticket Received', 'Priority of the tiket is set to HSI and assigned to Teknisi.', '22000144', '', NULL),
(340, 'INC10227454', '2024-05-10 19:16:40', 'Ticket Received', 'Priority of the tiket is set to HSI and assigned to Teknisi.', '22000144', '', NULL),
(341, 'INC10225586', '2024-05-10 19:17:05', 'Ticket Received', 'Priority of the tiket is set to HSI and assigned to Teknisi.', '22000144', '', NULL),
(342, 'INC10187864', '2024-05-10 19:17:31', 'Ticket Received', 'Priority of the tiket is set to VOICE and assigned to Teknisi.', '22000144', '', NULL),
(343, 'INC10186848', '2024-05-10 19:17:52', 'Ticket Received', 'Priority of the tiket is set to HSI and assigned to Teknisi.', '22000144', '', NULL),
(344, 'INC10133368', '2024-05-10 19:18:12', 'Ticket Received', 'Priority of the tiket is set to K3 and assigned to Teknisi.', '22000144', '', NULL),
(345, 'INC10186848', '2024-05-10 19:19:14', 'On Process', '', '20940762', '', NULL),
(346, 'INC10228515', '2024-05-10 19:19:20', 'On Process', '', '20940762', '', NULL),
(347, 'INC10186848', '2024-05-10 19:25:01', 'Ticket Closed. Progress: 100 %', 'Done edukasi pelanggan untuk lapor ke plasa terdekat krn pindah alamat', '20940762', '11.jpg', NULL),
(348, 'INC10228515', '2024-05-10 19:25:58', 'Ticket Closed. Progress: 100 %', 'Ganti ONT dan reconfig', '20940762', '3.jpg', NULL),
(349, 'INC10225586', '2024-05-10 19:27:49', 'On Process', '', '19930170', '', NULL),
(350, 'INC10225586', '2024-05-10 19:29:04', 'Ticket Closed. Progress: 100 %', 'Done tarik dc dan sambung ulang', '19930170', '2.jpg', NULL),
(351, 'INC10242154', '2024-05-10 19:29:41', 'On Process', '', '20930023', '', NULL),
(352, 'INC10231510', '2024-05-10 19:29:46', 'On Process', '', '20930023', '', NULL),
(353, 'INC10231510', '2024-05-10 19:31:02', 'Ticket Closed. Progress: 100 %', 'Ganti ONT dan reconfig', '20930023', '8.jpg', NULL),
(354, 'INC10242154', '2024-05-10 19:32:11', 'Ticket Closed. Progress: 100 %', 'Done sambung ulang dan perbaikan dc kebinding', '20930023', '9.jpg', NULL),
(355, 'INC10233171', '2024-05-10 19:33:17', 'On Process', '', '20970061', '', NULL),
(356, 'INC10233171', '2024-05-10 19:33:58', 'Ticket Closed. Progress: 100 %', 'Setting ulang modem', '20970061', 'Screenshot_5.jpg', NULL),
(357, 'INC10187864', '2024-05-10 19:34:36', 'On Process', '', '20900013', '', NULL),
(358, 'INC10245068', '2024-05-10 19:34:42', 'On Process', '', '20900013', '', NULL),
(359, 'INC10187864', '2024-05-10 19:36:41', 'Ticket Closed. Progress: 100 %', 'Edukasi pelanggan, PABX internal yg bermasalah', '20900013', 'Screenshot_41.jpg', NULL),
(360, 'INC10245068', '2024-05-10 19:37:38', 'Ticket Closed. Progress: 100 %', 'Sambul dc imbas tikus', '20900013', '7.jpg', NULL),
(361, 'INC10227454', '2024-05-10 19:41:27', 'On Process', '', '19919111', '', NULL),
(362, 'INC10227454', '2024-05-10 19:42:37', 'Ticket Closed. Progress: 100 %', 'Pembersihan adapter SC di ODC', '19919111', '10.jpg', NULL),
(363, 'INC10133368', '2024-05-10 19:43:08', 'On Process', '', '20920028', '', NULL),
(364, 'INC10133368', '2024-05-10 19:43:45', 'Ticket Closed. Progress: 100 %', 'Sambung ulang distribusi di ODC B', '20920028', '6.jpg', NULL),
(365, 'INC10231684', '2024-05-10 19:53:16', 'Ticket Submited. Category: ()', 'Tlp tidak bisa', '18910208', '', NULL),
(366, 'INC10230876', '2024-05-10 19:55:16', 'Ticket Submited. Category: ()', 'Usee TV tidak bisa', '18910208', '', NULL),
(367, 'INC10230534', '2024-05-10 19:56:43', 'Ticket Submited. Category: ()', 'Modem LOS merah', '18910208', '', NULL),
(368, 'INC10240438', '2024-05-10 19:58:17', 'Ticket Submited. Category: ()', 'Telp NOK', '18910208', '', NULL),
(369, 'INC10246020', '2024-05-10 20:00:22', 'Ticket Submited. Category: ()', 'Indikasi LOS', '18910208', '', NULL),
(370, 'INC10238139', '2024-05-10 20:04:14', 'Ticket Submited. Category: ()', ' INAFIS  POLDA JATIM GD. DITRESKRIMSUS LT.01 R.LABTOPOL', '18910208', '', NULL),
(371, 'INC10215165', '2024-05-10 20:15:27', 'Ticket Submited. Category: ()', 'LOS', '18910208', '', NULL),
(372, 'INC10260336', '2024-05-10 20:16:57', 'Ticket Submited. Category: ()', 'Tidak bisa konek internet', '18910208', '', NULL),
(373, 'INC10280058', '2024-05-10 20:19:05', 'Ticket Submited. Category: ()', ' SEDATI AGUNG', '18910208', '', NULL),
(374, 'INC10215165', '2024-05-10 20:20:46', 'Ticket Received', 'Priority of the tiket is set to HSI and assigned to Teknisi.', '22000144', '', NULL),
(375, 'INC10230534', '2024-05-10 20:21:37', 'Ticket Received', 'Priority of the tiket is set to VOICE and assigned to Teknisi.', '22000144', '', NULL),
(376, 'INC10230876', '2024-05-10 20:21:53', 'Ticket Received', 'Priority of the tiket is set to HSI and assigned to Teknisi.', '22000144', '', NULL),
(377, 'INC10231684', '2024-05-10 20:22:13', 'Ticket Received', 'Priority of the tiket is set to VOICE and assigned to Teknisi.', '22000144', '', NULL),
(378, 'INC10238139', '2024-05-10 20:22:35', 'Ticket Received', 'Priority of the tiket is set to K3 and assigned to Teknisi.', '22000144', '', NULL),
(379, 'INC10240438', '2024-05-10 20:22:56', 'Ticket Received', 'Priority of the tiket is set to VOICE and assigned to Teknisi.', '22000144', '', NULL),
(380, 'INC10246020', '2024-05-10 20:23:51', 'Ticket Received', 'Priority of the tiket is set to K2 and assigned to Teknisi.', '22000144', '', NULL),
(381, 'INC10260336', '2024-05-10 20:24:30', 'Ticket Received', 'Priority of the tiket is set to HSI and assigned to Teknisi.', '22000144', '', NULL),
(382, 'INC10280058', '2024-05-10 20:24:44', 'Ticket Received', 'Priority of the tiket is set to HSI and assigned to Teknisi.', '22000144', '', NULL),
(383, 'INC10230876', '2024-05-10 20:25:43', 'On Process', '', '20870085', '', NULL),
(384, 'INC10230534', '2024-05-10 20:25:48', 'On Process', '', '20870085', '', NULL),
(385, 'INC10240438', '2024-05-10 20:25:54', 'On Process', '', '20870085', '', NULL),
(386, 'INC10230534', '2024-05-10 20:26:35', 'Ticket Closed. Progress: 100 %', 'Sambul dc imbas tikus', '20870085', '31.jpg', NULL),
(387, 'INC10230876', '2024-05-10 20:27:13', 'Ticket Closed. Progress: 100 %', 'Setting ulang modem dan hard reset', '20870085', '2_-_hardreset.jpg', NULL),
(388, 'INC10240438', '2024-05-10 20:28:09', 'Ticket Closed. Progress: 100 %', 'Cek lokasi ternyata pelanggan meminta untuk pindah lokasi layanan, dan tempat baru masih belum ready, pelanggan bersedia untuk tiket pelaporan di close terlebih dahulu', '20870085', '4.jpg', NULL),
(389, 'INC10280058', '2024-05-10 20:28:33', 'On Process', '', '18910245', '', NULL),
(390, 'INC10280058', '2024-05-10 20:29:09', 'Ticket Closed. Progress: 100 %', 'Kantor masih tutup', '18910245', '101.jpg', NULL),
(391, 'INC10246020', '2024-05-10 20:29:30', 'On Process', '', '20960031', '', NULL),
(392, 'INC10246020', '2024-05-10 20:29:57', 'Ticket Closed. Progress: 100 %', 'Sambung ulang dc', '20960031', '5.jpg', NULL),
(393, 'INC10260336', '2024-05-10 20:30:16', 'On Process', '', '19930170', '', NULL),
(394, 'INC10260336', '2024-05-10 20:30:48', 'Ticket Closed. Progress: 100 %', 'Perapian IKR', '19930170', '91.jpg', NULL),
(395, 'INC10231684', '2024-05-10 20:32:40', 'On Process', '', '20930023', '', NULL),
(396, 'INC10231684', '2024-05-10 20:33:56', 'Ticket Closed. Progress: 100 %', 'Bypass layanan aman', '20930023', '12.jpg', NULL),
(397, 'INC10238139', '2024-05-10 20:34:51', 'On Process', '', '19890061', '', NULL),
(398, 'INC10238139', '2024-05-10 20:35:15', 'Ticket Closed. Progress: 100 %', 'Reconfig layanan dan bypass layanan', '19890061', '71.jpg', NULL),
(399, 'INC10215165', '2024-05-10 20:35:35', 'On Process', '', '20940762', '', NULL),
(400, 'INC10215165', '2024-05-10 20:35:59', 'Ticket Closed. Progress: 100 %', 'Sambung ulang dc', '20940762', '81.jpg', NULL),
(401, 'INC10279421', '2024-05-10 23:28:57', 'Ticket Submited. Category: ()', 'Internet matot', '18910208', '', NULL),
(402, 'INC10283060', '2024-05-10 23:30:04', 'Ticket Submited. Category: ()', 'Telp matot', '18910208', '', NULL),
(403, 'INC10250773', '2024-05-10 23:31:23', 'Ticket Submited. Category: ()', 'Telp tidak bisa', '18910208', '', NULL),
(404, 'INC10299550', '2024-05-10 23:32:46', 'Ticket Submited. Category: ()', 'Indikator inet mati', '18910208', '', NULL),
(405, 'INC10250754', '2024-05-10 23:33:58', 'Ticket Submited. Category: ()', 'Tlp tidak bisa', '18910208', '', NULL),
(406, 'INC10324708', '2024-05-10 23:35:34', 'Ticket Submited. Category: ()', 'Inet tidak bisa diakses', '18910208', '', NULL),
(407, 'INC10332849', '2024-05-10 23:36:45', 'Ticket Submited. Category: ()', 'LOS', '18910208', '', NULL),
(408, 'INC10333262', '2024-05-10 23:38:51', 'Ticket Submited. Category: ()', 'LOS', '18910208', '', NULL),
(409, 'INC10334595', '2024-05-10 23:39:37', 'Ticket Submited. Category: ()', 'LOS', '18910208', '', NULL),
(410, 'INC10250602', '2024-05-10 23:41:52', 'Ticket Submited. Category: ()', 'Telp tidak bisa', '18910208', '', NULL),
(411, 'INC10009025', '2024-05-10 23:43:48', 'Ticket Submited. Category: ()', 'LOS', '18910208', '', NULL),
(412, 'INC10009025', '2024-05-10 23:44:53', 'Ticket Received', 'Priority of the tiket is set to HSI and assigned to Teknisi.', '22000144', '', NULL),
(413, 'INC10334595', '2024-05-10 23:45:17', 'Ticket Received', 'Priority of the tiket is set to HSI and assigned to Teknisi.', '22000144', '', NULL),
(414, 'INC10333262', '2024-05-10 23:45:51', 'Ticket Received', 'Priority of the tiket is set to HSI and assigned to Teknisi.', '22000144', '', NULL),
(415, 'INC10332849', '2024-05-10 23:46:14', 'Ticket Received', 'Priority of the tiket is set to HSI and assigned to Teknisi.', '22000144', '', NULL),
(416, 'INC10324708', '2024-05-10 23:46:30', 'Ticket Received', 'Priority of the tiket is set to HSI and assigned to Teknisi.', '22000144', '', NULL),
(417, 'INC10299550', '2024-05-10 23:46:55', 'Ticket Received', 'Priority of the tiket is set to HSI and assigned to Teknisi.', '22000144', '', NULL),
(418, 'INC10283060', '2024-05-10 23:47:14', 'Ticket Received', 'Priority of the tiket is set to VOICE and assigned to Teknisi.', '22000144', '', NULL),
(419, 'INC10279421', '2024-05-10 23:47:29', 'Ticket Received', 'Priority of the tiket is set to HSI and assigned to Teknisi.', '22000144', '', NULL),
(420, 'INC10250773', '2024-05-10 23:47:54', 'Ticket Received', 'Priority of the tiket is set to VOICE and assigned to Teknisi.', '22000144', '', NULL),
(421, 'INC10250754', '2024-05-10 23:48:12', 'Ticket Received', 'Priority of the tiket is set to VOICE and assigned to Teknisi.', '22000144', '', NULL),
(422, 'INC10250754', '2024-05-10 23:48:14', 'Ticket Received', 'Priority of the tiket is set to VOICE and assigned to Teknisi.', '22000144', '', NULL),
(423, 'INC10250602', '2024-05-10 23:48:27', 'Ticket Received', 'Priority of the tiket is set to VOICE and assigned to Teknisi.', '22000144', '', NULL),
(424, 'INC10299550', '2024-05-10 23:50:08', 'On Process', '', '20940762', '', NULL),
(425, 'INC10299550', '2024-05-10 23:50:57', 'Ticket Closed. Progress: 100 %', 'Pembersihan konektor di ODP', '20940762', '41.jpg', NULL),
(426, 'INC10250773', '2024-05-10 23:52:03', 'On Process', '', '19940151', '', NULL),
(427, 'INC10250754', '2024-05-10 23:52:09', 'On Process', '', '19940151', '', NULL),
(428, 'INC10250602', '2024-05-10 23:52:14', 'On Process', '', '19940151', '', NULL),
(429, 'INC10250773', '2024-05-10 23:53:09', 'Ticket Closed. Progress: 100 %', 'HAPUS FITUR HOTLINE LAYANAN NORMAL', '19940151', '92.jpg', NULL),
(430, 'INC10250754', '2024-05-10 23:53:28', 'Ticket Closed. Progress: 100 %', 'HAPUS FITUR HOTLINE LAYANAN NORMAL', '19940151', '51.jpg', NULL),
(431, 'INC10250602', '2024-05-10 23:53:55', 'Ticket Closed. Progress: 100 %', 'HAPUS FITUR HOTLINE LAYANAN NORMAL', '19940151', '93.jpg', NULL),
(432, 'INC10283060', '2024-05-10 23:54:19', 'On Process', '', '20940020', '', NULL),
(433, 'INC10283060', '2024-05-10 23:54:47', 'Ticket Closed. Progress: 100 %', 'Sambung ulang dc', '20940020', '21.jpg', NULL),
(434, 'INC10009025', '2024-05-10 23:55:09', 'On Process', '', '19930165', '', NULL),
(435, 'INC10009025', '2024-05-10 23:55:49', 'Ticket Closed. Progress: 100 %', 'Sambung ulang pasif ', '19930165', '102.jpg', NULL),
(436, 'INC10332849', '2024-05-10 23:56:50', 'On Process', '', '18830044', '', NULL),
(437, 'INC10332849', '2024-05-10 23:57:20', 'Ticket Closed. Progress: 100 %', 'Sambung ulang dc', '18830044', '72.jpg', NULL),
(438, 'INC10333262', '2024-05-11 00:00:53', 'On Process', '', '18910110', '', NULL),
(439, 'INC10334595', '2024-05-11 00:00:59', 'On Process', '', '18910110', '', NULL),
(440, 'INC10333262', '2024-05-11 00:02:09', 'Ticket Closed. Progress: 100 %', 'Repair feeder imbas gamas ODC', '18910110', '82.jpg', NULL),
(441, 'INC10334595', '2024-05-11 00:02:56', 'Ticket Closed. Progress: 100 %', 'Repair feeder imbas gamas ODC', '18910110', '111.jpg', NULL),
(442, 'INC10324708', '2024-05-11 00:09:25', 'On Process', '', '20960020', '', NULL),
(443, 'INC10324708', '2024-05-11 00:10:01', 'Ticket Closed. Progress: 100 %', 'Sambul dc', '20960020', '61.jpg', NULL),
(444, 'INC10279421', '2024-05-11 00:12:48', 'On Process', '', '20860005', '', NULL),
(445, 'INC10279421', '2024-05-11 00:13:20', 'Ticket Closed. Progress: 100 %', 'SAmbung ulang dc', '20860005', '13.jpg', NULL),
(454, 'INC54321', '2024-05-12 18:55:42', 'Ticket Submited. Category: ()', 'LOS', '18910208', '', NULL),
(455, 'INC54321', '2024-05-12 18:56:48', 'Ticket Received', 'Priority of the tiket is set to K3 and assigned to Teknisi.', '22000144', '', NULL),
(456, 'INC54321', '2024-05-12 18:57:19', 'On Process', '', '2090211', '', NULL),
(457, 'INC54321', '2024-05-12 18:57:40', 'Ticket Closed. Progress: 100 %', 'Sambul', '2090211', 'logo.png', NULL),
(459, 'INC10336064', '2024-05-25 16:07:13', 'Ticket Submited. Category: ()', 'Internet TBC LOS Merah', '18910208', '', NULL),
(460, 'INC10336064', '2024-05-25 16:08:26', 'Ticket Received', 'Priority of the tiket is set to HSI and assigned to Teknisi.', '22000144', '', NULL),
(461, 'INC10336064', '2024-05-26 05:48:01', 'On Progress', '', '18830044', '', NULL),
(462, 'INC10336064', '2024-05-29 05:41:20', 'Ticket Closed. Progress: 100 %', 'Done', '18830044', '1-1.jpg', NULL),
(463, 'INC10330228', '2024-05-29 14:54:36', 'Ticket Submited. Category: ()', 'Reconfig', '18910208', '', NULL),
(464, 'INC10330228', '2024-05-29 14:55:05', 'Ticket Received', 'Priority of the tiket is set to VOICE and assigned to Teknisi.', '22000144', '', NULL),
(465, 'INC10330228', '2024-05-29 14:55:55', 'On Progress', '', '20960020', '', NULL),
(466, 'INC10330228', '2024-05-29 14:56:30', 'Ticket Closed. Progress: 100 %', 'Reconfig layanan telp', '20960020', '22.jpg', NULL),
(467, 'INC10356999', '2024-05-30 14:26:39', 'Ticket Submited. Category: ()', 'LOS', '18910208', '', NULL),
(468, 'INC10356999', '2024-05-30 14:29:28', 'Ticket Received', 'Priority of the tiket is set to HSI and assigned to Teknisi.', '22000144', '', NULL),
(469, 'INC10356999', '2024-05-30 14:35:05', 'On Progress', '', '18900157', '', NULL),
(470, 'INC10356999', '2024-05-30 14:35:45', 'Ticket Closed. Progress: 100 %', 'Perbaikan sambung ulang DC kejepit meja kasir', '18900157', 'photo_2024-05-30_14-25-39.jpg', NULL),
(471, 'INC11589727', '2024-06-04 09:23:32', 'Ticket Submited. Category: ()', 'Daya unspec', '18910208', '', NULL),
(472, 'INC11592053', '2024-06-04 09:24:16', 'Ticket Submited. Category: ()', 'ONT hang', '18910208', '', NULL),
(473, 'INC11592848', '2024-06-04 09:27:46', 'Ticket Submited. Category: ()', 'ONT eror', '18910208', '', NULL),
(474, 'INC11596015', '2024-06-04 09:29:41', 'Ticket Submited. Category: ()', 'Muncul indikator merah pada LOS wifi tidak ada internet', '18910208', '', NULL),
(475, 'INC11602873', '2024-06-04 09:30:31', 'Ticket Submited. Category: ()', 'LOS', '18910208', '', NULL),
(476, 'INC11589727', '2024-06-04 09:36:05', 'Ticket Received', 'Priority of the tiket is set to HSI and assigned to Teknisi.', '22000144', '', NULL),
(477, 'INC11592053', '2024-06-04 09:36:33', 'Ticket Received', 'Priority of the tiket is set to HSI and assigned to Teknisi.', '22000144', '', NULL),
(478, 'INC11592848', '2024-06-04 09:37:04', 'Ticket Received', 'Priority of the tiket is set to HSI and assigned to Teknisi.', '22000144', '', NULL),
(479, 'INC11596015', '2024-06-04 09:37:51', 'Ticket Received', 'Priority of the tiket is set to HSI and assigned to Teknisi.', '22000144', '', NULL),
(480, 'INC11602873', '2024-06-04 09:38:07', 'Ticket Received', 'Priority of the tiket is set to HSI and assigned to Teknisi.', '22000144', '', NULL),
(481, 'INC11589727', '2024-06-04 09:38:46', 'On Progress', '', '20880009', '', NULL),
(482, 'INC11589727', '2024-06-04 09:41:33', 'Ticket Closed. Progress: 100 %', 'Pembersihan konektor dc + perapian ikr', '20880009', 'ss12.jpg', NULL),
(483, 'INC11592053', '2024-06-04 09:42:05', 'On Progress', '', '18890075', '', NULL),
(484, 'INC11592053', '2024-06-04 09:42:46', 'Progress: 60 %', 'Progress ganti ONT', '18890075', 'ss23.jpg', NULL),
(485, 'INC11592053', '2024-06-04 09:43:13', 'Ticket Closed. Progress: 100 %', 'Done reconfig layanan', '18890075', 'ss2-2.jpg', NULL),
(486, 'INC11592848', '2024-06-04 09:43:39', 'On Progress', '', '18940727', '', NULL),
(487, 'INC11592848', '2024-06-04 09:44:29', 'Progress: 60 %', 'Reconfig layanan ', '18940727', 'ss3-2.jpg', NULL),
(488, 'INC11592848', '2024-06-04 09:44:46', 'Ticket Closed. Progress: 100 %', 'Layanan oke', '18940727', 'ss3-11.jpg', NULL),
(489, 'INC11596015', '2024-06-04 09:45:08', 'On Progress', '', '18900157', '', NULL),
(490, 'INC11596015', '2024-06-04 09:45:48', 'Ticket Closed. Progress: 100 %', 'Tarik dc sisa & sambung ulang DC', '18900157', 'ss43.jpg', NULL),
(491, 'INC11602873', '2024-06-04 09:46:17', 'On Progress', '', '19930170', '', NULL),
(492, 'INC11602873', '2024-06-04 09:46:57', 'Progress: 60 %', 'Sambung ulang DC imbas tikus', '19930170', 'ss5-1.jpg', NULL),
(493, 'INC11602873', '2024-06-04 09:47:12', 'Ticket Closed. Progress: 100 %', 'Done layanan oke', '19930170', 'ss5-2.jpg', NULL),
(494, 'INC567123', '2024-06-13 12:41:41', 'Ticket Submited. Category: ()', 'LOS', '18910208', '', NULL),
(498, 'INC001', '2024-06-28 12:35:05', 'Ticket Submited. Category: ()', 'Los', '18910208', '', NULL),
(499, 'INC001', '2024-06-28 12:42:54', 'Ticket Received', 'Priority of the tiket is set to K3 and assigned to Teknisi.', '22000144', '', NULL),
(500, 'INC001', '2024-06-28 12:45:11', 'On Progress', '', '20940762', '', NULL),
(501, 'INC001', '2024-06-28 12:45:39', 'Progress: 40 %', 'Tarik', '20940762', 'photo_2024-02-02_13-58-491.jpg', NULL),
(506, 'INC12772574', '2024-06-29 15:28:06', 'Ticket Submited. Category: ()', 'LOS', '17900219', '', NULL),
(507, 'INC001', '2024-06-29 16:39:16', 'Progress: 60 %', 'Cek', '20940762', 'corel-icon.png', NULL),
(508, 'INC12772574', '2024-06-29 16:41:09', 'Ticket Received', 'Priority of the tiket is set to HSI and assigned to Teknisi.', '22000144', '', NULL),
(509, 'INC12772574', '2024-06-29 16:41:52', 'On Progress', '', '20940020', '', NULL),
(510, 'INC12772574', '2024-06-29 16:42:28', 'Progress: 60 %', 'Cek kabel', '20940020', 'batako.png', NULL),
(511, 'INC12781875', '2024-06-29 18:36:46', 'Ticket Submited. Category: ()', 'LOS', '18910208', '', NULL),
(512, 'INC10958634', '2024-07-01 16:39:23', 'Ticket Submited. Category: ()', 'LAIN LAIN', '18910208', '', NULL),
(513, 'INC10958634', '2024-07-01 16:41:16', 'Ticket Received', 'Priority of the tiket is set to VOICE and assigned to Teknisi.', '22000144', '', NULL),
(514, 'INC10958634', '2024-07-01 16:43:52', 'On Progress', '', '20960020', '', NULL),
(515, 'INC10958634', '2024-07-01 16:45:51', 'Ticket Closed. Progress: 100 %', 'LAIN LAIN', '20960020', 'photo_6222260005688688974_y.jpg', NULL),
(516, 'INC10958250', '2024-07-02 08:35:45', 'Ticket Submited. Category: ()', 'LAIN LAIN', '18910208', '', NULL),
(517, 'INC10958250', '2024-07-02 08:38:48', 'Ticket Received', 'Priority of the tiket is set to VOICE and assigned to Teknisi.', '22000144', '', NULL),
(518, 'INC10958250', '2024-07-02 08:40:42', 'On Progress', '', '20940762', '', NULL),
(519, 'INC10958250', '2024-07-02 08:42:58', 'Ticket Closed. Progress: 100 %', 'LAIN LAIN', '20940762', 'photo_6213150981349293777_y.jpg', NULL),
(520, 'INC10963913', '2024-07-02 08:50:39', 'Ticket Submited. Category: ()', 'DROPCORE', '18910208', '', NULL),
(521, 'INC10963913', '2024-07-02 09:00:05', 'Ticket Received', 'Priority of the tiket is set to HSI and assigned to Teknisi.', '22000144', '', NULL),
(522, 'INC10963913', '2024-07-02 09:01:18', 'On Progress', '', '20860005', '', NULL),
(523, 'INC10963913', '2024-07-02 09:04:28', 'Ticket Closed. Progress: 100 %', 'SAMBUNG DC', '20860005', 'photo_6228814443609966950_y.jpg', NULL),
(524, 'INC10984929', '2024-07-02 09:08:59', 'Ticket Submited. Category: ()', 'DROPCORE', '18910208', '', NULL),
(525, 'INC10984929', '2024-07-02 09:10:02', 'Ticket Received', 'Priority of the tiket is set to HSI and assigned to Teknisi.', '22000144', '', NULL),
(526, 'INC10984929', '2024-07-02 09:10:47', 'On Progress', '', '18830044', '', NULL),
(527, 'INC10984929', '2024-07-02 09:12:06', 'Ticket Closed. Progress: 100 %', 'SAMBUNG ULANG DC IMBAS', '18830044', 'photo_6215345649508006366_y.jpg', NULL),
(528, 'INC10988577', '2024-07-02 09:20:56', 'Ticket Submited. Category: ()', 'ODP ', '18910208', '', NULL),
(529, 'INC10988577', '2024-07-02 09:21:49', 'Ticket Received', 'Priority of the tiket is set to HSI and assigned to Teknisi.', '22000144', '', NULL),
(530, 'INC10988577', '2024-07-02 09:22:36', 'On Progress', '', '18900157', '', NULL),
(531, 'INC10988577', '2024-07-02 09:24:09', 'Ticket Closed. Progress: 100 %', 'Change port di odp', '18900157', 'photo_6215345649508006396_y.jpg', NULL),
(532, 'INC10968029', '2024-07-02 09:32:11', 'Ticket Submited. Category: ()', 'STB', '18910208', '', NULL),
(533, 'INC10968029', '2024-07-02 09:33:06', 'Ticket Received', 'Priority of the tiket is set to VOICE and assigned to Teknisi.', '22000144', '', NULL),
(534, 'INC10968029', '2024-07-02 09:33:51', 'On Progress', '', '18950833', '', NULL),
(535, 'INC10968029', '2024-07-02 09:35:14', 'Progress: 0 %', 'GANTI STB LAYANAN NORMAL KEMBALI 5A100499007049300000E04102676550/\r\n', '18950833', 'photo_6215210491182169584_y.jpg', NULL),
(536, 'INC10968029', '2024-07-02 09:36:03', 'Ticket Closed. Progress: 100 %', 'GANTI STB LAYANAN NORMAL KEMBALI 5A100499007049300000E04102676550/\r\n', '18950833', 'photo_6215210491182169584_y1.jpg', NULL),
(537, 'INC11004499', '2024-07-02 09:41:37', 'Ticket Submited. Category: ()', 'ODP', '18910208', '', NULL),
(538, 'INC11004499', '2024-07-02 09:42:31', 'Ticket Received', 'Priority of the tiket is set to HSI and assigned to Teknisi.', '22000144', '', NULL),
(539, 'INC11004499', '2024-07-02 09:43:05', 'On Progress', '', '18900157', '', NULL),
(540, 'INC11004499', '2024-07-02 09:44:22', 'Ticket Closed. Progress: 100 %', 'Ganti kupler di odp\r\n', '18900157', 'photo_6215345649508006668_y.jpg', NULL),
(541, 'INC11033037', '2024-07-02 09:47:39', 'Ticket Submited. Category: ()', 'ODP', '18910208', '', NULL),
(542, 'INC11033037', '2024-07-02 09:48:26', 'Ticket Received', 'Priority of the tiket is set to HSI and assigned to Teknisi.', '22000144', '', NULL),
(543, 'INC11033037', '2024-07-02 09:49:17', 'On Progress', '', '19970172', '', NULL),
(544, 'INC11033037', '2024-07-02 09:50:13', 'Ticket Closed. Progress: 100 %', 'Kunjungan ke lokasi sudah normal kembali, imbas gamas ku terbakar, change core by team mtnc\r\n', '19970172', 'photo_6219973695812778721_y.jpg', NULL),
(545, 'INC11077383', '2024-07-02 09:57:17', 'Ticket Submited. Category: ()', 'ONT', '18910208', '', NULL),
(546, 'INC11077383', '2024-07-02 09:58:10', 'Ticket Received', 'Priority of the tiket is set to VOICE and assigned to Teknisi.', '22000144', '', NULL),
(547, 'INC11077383', '2024-07-02 09:58:44', 'On Progress', '', '20960020', '', NULL);
INSERT INTO `tracking` (`id_tracking`, `id_ticket`, `tanggal`, `status`, `deskripsi`, `id_user`, `filefoto`, `id_rfo`) VALUES
(548, 'INC11077383', '2024-07-02 09:59:47', 'Ticket Closed. Progress: 100 %', 'Salah tancep Tel lay oke\r\n', '20960020', 'photo_6222225495626464162_y.jpg', NULL),
(549, 'INC11078353', '2024-07-02 10:05:13', 'Ticket Submited. Category: ()', 'DROPCORE', '18910208', '', NULL),
(550, 'INC11078353', '2024-07-02 10:06:15', 'Ticket Received', 'Priority of the tiket is set to VOICE and assigned to Teknisi.', '22000144', '', NULL),
(551, 'INC11078353', '2024-07-02 10:06:56', 'On Progress', '', '20960020', '', NULL),
(552, 'INC11078353', '2024-07-02 10:07:35', 'Ticket Closed. Progress: 100 %', 'Perapian kabel DC & ikr\r\n', '20960020', 'photo_6222225495626464185_y.jpg', NULL),
(553, 'INC11090804', '2024-07-02 12:12:50', 'Ticket Submited. Category: ()', 'LOGIC', '18910208', '', NULL),
(554, 'INC11090804', '2024-07-02 13:30:34', 'Ticket Received', 'Priority of the tiket is set to VOICE and assigned to Teknisi.', '22000144', '', NULL),
(555, 'INC11090804', '2024-07-02 13:31:31', 'On Progress', '', '18930417', '', NULL),
(556, 'INC11090804', '2024-07-02 13:32:30', 'Ticket Closed. Progress: 100 %', 'Config ulang edukasi pelanggan terkait kendalanya\r\n', '18930417', 'photo_2024-07-02_12-12-30.jpg', NULL),
(557, 'INC11099069', '2024-07-03 08:19:05', 'Ticket Submited. Category: ()', 'ONT', '18910208', '', NULL),
(558, 'INC11099069', '2024-07-03 08:20:21', 'Ticket Received', 'Priority of the tiket is set to HSI and assigned to Teknisi.', '22000144', '', NULL),
(559, 'INC11099069', '2024-07-03 08:21:34', 'On Progress', '', '18910245', '', NULL),
(560, 'INC11099069', '2024-07-03 08:23:03', 'Ticket Closed. Progress: 100 %', 'Ganti ont  dan konfiq ulang\r\n', '18910245', 'photo_2024-07-03_08-18-48.jpg', NULL),
(561, 'INC11101926', '2024-07-03 08:32:10', 'Ticket Submited. Category: ()', 'SAMBUNG ULANG DC IMBAS DIGIGIT TIKUS\r\n', '18910208', '', NULL),
(562, 'INC11101926', '2024-07-03 08:33:44', 'Ticket Received', 'Priority of the tiket is set to VOICE and assigned to Teknisi.', '22000144', '', NULL),
(563, 'INC11101926', '2024-07-03 08:36:35', 'On Progress', '', '19940153', '', NULL),
(564, 'INC11101926', '2024-07-03 08:37:29', 'Ticket Closed. Progress: 100 %', 'DROPCORE', '19940153', 'photo_2024-07-03_08-37-08.jpg', NULL),
(565, 'INC11029387', '2024-07-03 08:43:24', 'Ticket Submited. Category: ()', 'DROPCORE\r\n', '18910208', '', NULL),
(566, 'INC11029387', '2024-07-03 08:45:12', 'Ticket Received', 'Priority of the tiket is set to HSI and assigned to Teknisi.', '22000144', '', NULL),
(567, 'INC11029387', '2024-07-03 08:46:09', 'On Progress', '', '19970172', '', NULL),
(568, 'INC11029387', '2024-07-03 08:47:26', 'Ticket Closed. Progress: 100 %', 'Tarik spare dc + sambung ulang dc\r\n', '19970172', 'photo_2024-07-03_08-47-07.jpg', NULL),
(569, 'INC11057037', '2024-07-03 08:51:11', 'Ticket Submited. Category: ()', 'Ganti remote stb + perapian ikr patchcore ketekuk di roset\r\n', '18910208', '', NULL),
(570, 'INC11057037', '2024-07-03 08:52:48', 'Ticket Received', 'Priority of the tiket is set to HSI and assigned to Teknisi.', '22000144', '', NULL),
(571, 'INC11057037', '2024-07-03 08:53:23', 'On Progress', '', '19970172', '', NULL),
(572, 'INC11057037', '2024-07-03 08:54:28', 'Ticket Closed. Progress: 100 %', 'STB', '19970172', 'photo_2024-07-03_08-53-36.jpg', NULL),
(573, 'INC11087860', '2024-07-03 09:08:56', 'Ticket Submited. Category: ()', 'CPE', '18910208', '', NULL),
(574, 'INC11087860', '2024-07-03 09:25:36', 'Ticket Received', 'Priority of the tiket is set to VOICE and assigned to Teknisi.', '22000144', '', NULL),
(575, 'INC11087860', '2024-07-03 09:26:40', 'On Progress', '', '20880009', '', NULL),
(576, 'INC11087860', '2024-07-03 09:27:15', 'Ticket Closed. Progress: 100 %', 'Cek lokasi layanan normal telf keluar dan telf masuk\r\n', '20880009', 'photo_2024-07-03_09-08-41.jpg', NULL),
(577, 'INC11139618', '2024-07-03 09:33:12', 'Ticket Submited. Category: ()', 'ONT', '18910208', '', NULL),
(578, 'INC11139618', '2024-07-03 09:35:03', 'Ticket Received', 'Priority of the tiket is set to HSI and assigned to Teknisi.', '22000144', '', NULL),
(579, 'INC11139618', '2024-07-03 09:35:37', 'On Progress', '', '20880009', '', NULL),
(580, 'INC11139618', '2024-07-03 09:36:00', 'Ticket Closed. Progress: 100 %', 'Ganti ont baru + reconfig layanan sudah normal kembali/\r\n', '20880009', 'photo_2024-07-03_09-32-13.jpg', NULL),
(581, 'INC11132777', '2024-07-03 09:40:13', 'Ticket Submited. Category: ()', 'ODP\r\n', '18910208', '', NULL),
(582, 'INC11132777', '2024-07-03 09:41:20', 'Ticket Received', 'Priority of the tiket is set to HSI and assigned to Teknisi.', '22000144', '', NULL),
(583, 'INC11132777', '2024-07-03 09:42:09', 'On Progress', '', '20930023', '', NULL),
(584, 'INC11132777', '2024-07-03 09:42:43', 'Ticket Closed. Progress: 100 %', 'Sbs / close / INC11132777 / 152301100591 / change port + pembersihan coupler di odp / abu shinta 81359852685 / bges darmo\r\n', '20930023', 'photo_2024-07-03_09-39-06.jpg', NULL),
(585, 'INC11162620', '2024-07-03 09:55:01', 'Ticket Submited. Category: ()', 'DROPCORE\r\n', '18910208', '', NULL),
(586, 'INC11162620', '2024-07-03 09:56:10', 'Ticket Received', 'Priority of the tiket is set to HSI and assigned to Teknisi.', '22000144', '', NULL),
(587, 'INC11162620', '2024-07-03 09:57:19', 'On Progress', '', '19940153', '', NULL),
(588, 'INC11162620', '2024-07-03 09:57:48', 'Ticket Closed. Progress: 100 %', 'Internet mati total | sambung ulang dropcore\r\n', '19940153', 'photo_2024-07-03_09-52-42.jpg', NULL),
(589, 'INC11150263', '2024-07-03 10:01:11', 'Ticket Submited. Category: ()', 'ONT\r\n', '18910208', '', NULL),
(590, 'INC11150263', '2024-07-03 10:02:07', 'Ticket Received', 'Priority of the tiket is set to HSI and assigned to Teknisi.', '22000144', '', NULL),
(591, 'INC11150263', '2024-07-03 10:02:55', 'On Progress', '', '19940153', '', NULL),
(592, 'INC11150263', '2024-07-03 10:03:23', 'Ticket Closed. Progress: 100 %', 'SETTING ULANG ONT LAYANAN NORMAL, EDUKASI PEMAKAIAN PERANGKAT OVERLOAD ADA 135 PERANGKAT\r\n', '19940153', 'photo_2024-07-03_10-00-08.jpg', NULL),
(593, 'INC11141685', '2024-07-03 12:26:57', 'Ticket Submited. Category: ()', 'ONT\r\n', '18910208', '', NULL),
(594, 'INC11141685', '2024-07-03 12:30:05', 'Ticket Received', 'Priority of the tiket is set to VOICE and assigned to Teknisi.', '22000144', '', NULL),
(595, 'INC11141685', '2024-07-03 12:30:37', 'On Progress', '', '19970172', '', NULL),
(596, 'INC11141685', '2024-07-03 12:31:08', 'Ticket Closed. Progress: 100 %', 'Adaptor ont kesenggol, tancap ulang adaptor layanan kembali normal\r\n', '19970172', 'photo_2024-07-03_12-25-57.jpg', NULL),
(597, 'INC11146524', '2024-07-03 12:59:07', 'Ticket Submited. Category: ()', 'CPE\r\n', '18910208', '', NULL),
(598, 'INC11146524', '2024-07-03 13:01:52', 'Ticket Received', 'Priority of the tiket is set to HSI and assigned to Teknisi.', '22000144', '', NULL),
(599, 'INC11146524', '2024-07-03 13:02:56', 'On Progress', '', '18950607', '', NULL),
(600, 'INC11146524', '2024-07-03 13:03:44', 'Ticket Closed. Progress: 100 %', 'Edukasi pelanggan inet untuk tidak di bridge\r\n', '18950607', 'photo_2024-07-03_13-02-32.jpg', NULL),
(601, 'INC11227129', '2024-07-03 13:18:34', 'Ticket Submited. Category: ()', 'ODP\r\n', '18910208', '', NULL),
(602, 'INC11227129', '2024-07-03 13:20:26', 'Ticket Received', 'Priority of the tiket is set to HSI and assigned to Teknisi.', '22000144', '', NULL),
(603, 'INC11227129', '2024-07-03 13:20:58', 'On Progress', '', '20970061', '', NULL),
(604, 'INC11227129', '2024-07-03 13:21:56', 'Ticket Closed. Progress: 100 %', 'Sambung distribusi odp\r\n', '20970061', 'photo_2024-07-03_13-21-18.jpg', NULL),
(605, 'INC11239800', '2024-07-03 13:26:08', 'Ticket Submited. Category: ()', 'ONT\r\n', '18910208', '', NULL),
(606, 'INC11239800', '2024-07-03 13:28:27', 'Ticket Received', 'Priority of the tiket is set to VOICE and assigned to Teknisi.', '22000144', '', NULL),
(607, 'INC11239800', '2024-07-03 13:29:19', 'On Progress', '', '19930165', '', NULL),
(608, 'INC11239800', '2024-07-03 13:29:53', 'Ticket Closed. Progress: 100 %', 'Ganti adaptor ont\r\n', '19930165', 'photo_2024-07-03_13-24-42.jpg', NULL),
(609, 'INC11243660', '2024-07-03 13:37:24', 'Ticket Submited. Category: ()', 'LAIN LAIN\r\n', '18910208', '', NULL),
(610, 'INC11243660', '2024-07-03 13:38:35', 'Ticket Received', 'Priority of the tiket is set to HSI and assigned to Teknisi.', '22000144', '', NULL),
(611, 'INC11279572', '2024-07-03 13:46:50', 'Ticket Submited. Category: ()', 'DROPCORE\r\n', '18910208', '', NULL),
(612, 'INC11279572', '2024-07-03 13:47:26', 'Ticket Received', 'Priority of the tiket is set to HSI and assigned to Teknisi.', '22000144', '', NULL),
(613, 'INC11279572', '2024-07-03 13:48:04', 'On Progress', '', '20940762', '', NULL),
(614, 'INC11279572', '2024-07-03 13:48:29', 'Progress: 0 %', 'SAMBUNG DC\r\n', '20940762', 'photo_2024-07-03_13-46-03.jpg', NULL),
(615, 'INC11279572', '2024-07-03 13:49:02', 'Ticket Closed. Progress: 100 %', 'SAMBUNG DC\r\n', '20940762', 'photo_2024-07-03_13-46-031.jpg', NULL),
(616, 'INC11281493', '2024-07-03 13:51:41', 'Ticket Submited. Category: ()', 'ONT\r\n', '18910208', '', NULL),
(617, 'INC11281493', '2024-07-03 13:53:02', 'Ticket Received', 'Priority of the tiket is set to HSI and assigned to Teknisi.', '22000144', '', NULL),
(618, 'INC11281493', '2024-07-03 13:53:27', 'On Progress', '', '20940762', '', NULL),
(619, 'INC11281493', '2024-07-03 13:53:57', 'Ticket Closed. Progress: 100 %', 'Reset ont\r\n', '20940762', 'photo_2024-05-24_10-44-25.jpg', NULL),
(620, 'INC11281263', '2024-07-03 13:57:36', 'Ticket Submited. Category: ()', 'DROPCORE\r\n', '18910208', '', NULL),
(621, 'INC11281263', '2024-07-03 13:58:32', 'Ticket Received', 'Priority of the tiket is set to HSI and assigned to Teknisi.', '22000144', '', NULL),
(622, 'INC11281263', '2024-07-03 14:00:13', 'On Progress', '', '20870085', '', NULL),
(623, 'INC11281263', '2024-07-03 14:00:40', 'Ticket Closed. Progress: 100 %', 'SAMBUNG DC\r\n', '20870085', 'photo_2024-07-03_13-56-48.jpg', NULL),
(624, 'INC11281078', '2024-07-03 14:05:08', 'Ticket Submited. Category: ()', 'ONT\r\n', '18910208', '', NULL),
(625, 'INC11281078', '2024-07-03 14:05:44', 'Ticket Received', 'Priority of the tiket is set to VOICE and assigned to Teknisi.', '22000144', '', NULL),
(626, 'INC11281078', '2024-07-03 14:06:18', 'On Progress', '', '20960020', '', NULL),
(627, 'INC11281078', '2024-07-03 14:06:48', 'Ticket Closed. Progress: 100 %', 'KONFIG ONT\r\n', '20960020', 'photo_2024-07-03_14-04-16.jpg', NULL),
(628, 'INC11280770', '2024-07-03 14:09:52', 'Ticket Submited. Category: ()', 'ONT\r\n', '18910208', '', NULL),
(629, 'INC11280770', '2024-07-03 14:10:26', 'Ticket Received', 'Priority of the tiket is set to HSI and assigned to Teknisi.', '22000144', '', NULL),
(630, 'INC11280770', '2024-07-03 14:10:47', 'On Progress', '', '20940762', '', NULL),
(631, 'INC11280770', '2024-07-03 14:11:36', 'Ticket Closed. Progress: 100 %', 'KONFIG ONT\r\n', '20940762', 'photo_2024-05-24_11-44-51.jpg', NULL),
(632, 'INC11294011', '2024-07-03 14:15:37', 'Ticket Submited. Category: ()', 'ONT\r\n', '18910208', '', NULL),
(633, 'INC11294011', '2024-07-03 14:18:17', 'Ticket Received', 'Priority of the tiket is set to VOICE and assigned to Teknisi.', '22000144', '', NULL),
(634, 'INC11294011', '2024-07-03 14:19:35', 'On Progress', '', '20870010', '', NULL),
(635, 'INC11294011', '2024-07-03 14:20:57', 'Ticket Closed. Progress: 100 %', 'Ganti ont\r\n', '20870010', 'photo_2024-07-03_14-13-45.jpg', NULL),
(636, 'INC11291722', '2024-07-04 08:16:40', 'Ticket Submited. Category: ()', 'ONT\r\n', '18910208', '', NULL),
(637, 'INC11291722', '2024-07-04 08:20:05', 'Ticket Received', 'Priority of the tiket is set to VOICE and assigned to Teknisi.', '22000144', '', NULL),
(638, 'INC11291722', '2024-07-04 08:20:43', 'On Progress', '', '20870085', '', NULL),
(639, 'INC11291722', '2024-07-04 08:21:21', 'Ticket Closed. Progress: 100 %', 'SETTING / GANTI (ONT / STB)\r\n', '20870085', 'photo_2024-07-04_08-15-40.jpg', NULL),
(640, 'INC11292772', '2024-07-04 08:23:36', 'Ticket Submited. Category: ()', 'LOGIC\r\n', '18910208', '', NULL),
(641, 'INC11292772', '2024-07-04 08:24:30', 'Ticket Received', 'Priority of the tiket is set to HSI and assigned to Teknisi.', '22000144', '', NULL),
(642, 'INC11292772', '2024-07-04 08:25:24', 'On Progress', '', '18950607', '', NULL),
(643, 'INC11292772', '2024-07-04 08:26:00', 'Ticket Closed. Progress: 100 %', 'KONFIG ONT\r\n', '18950607', 'photo_2024-07-04_08-22-43.jpg', NULL),
(644, 'INC11295156', '2024-07-04 08:30:55', 'Ticket Submited. Category: ()', 'DROPCORE\r\n\r\n', '18910208', '', NULL),
(645, 'INC11295156', '2024-07-04 08:31:41', 'Ticket Received', 'Priority of the tiket is set to VOICE and assigned to Teknisi.', '22000144', '', NULL),
(646, 'INC11295156', '2024-07-04 08:32:12', 'On Progress', '', '20970061', '', NULL),
(647, 'INC11295156', '2024-07-04 08:32:59', 'Ticket Closed. Progress: 100 %', 'SAMBUNG DC\r\n', '20970061', 'photo_2024-05-24_17-38-55.jpg', NULL),
(648, 'INC11285049', '2024-07-04 08:39:09', 'Ticket Submited. Category: ()', 'LAIN LAIN\r\n', '18910208', '', NULL),
(649, 'INC11285049', '2024-07-04 08:44:37', 'Ticket Received', 'Priority of the tiket is set to K2 and assigned to Teknisi.', '22000144', '', NULL),
(650, 'INC11285049', '2024-07-04 08:45:51', 'On Progress', '', '18980405', '', NULL),
(651, 'INC11285049', '2024-07-04 08:46:34', 'Ticket Closed. Progress: 100 %', 'TEMPORER ORBIT\r\n', '18980405', 'photo_2024-05-24_11-21-58.jpg', NULL),
(652, 'INC11287576', '2024-07-04 08:47:59', 'Ticket Submited. Category: ()', 'FEEDER\r\n', '18910208', '', NULL),
(653, 'INC11287576', '2024-07-04 08:48:36', 'Ticket Received', 'Priority of the tiket is set to HSI and assigned to Teknisi.', '22000144', '', NULL),
(654, 'INC11287576', '2024-07-04 08:48:57', 'On Progress', '', '20970061', '', NULL),
(655, 'INC11287576', '2024-07-04 08:49:39', 'Ticket Closed. Progress: 100 %', 'ImbaS GAMAS\r\n', '20970061', 'photo_2024-05-06_11-01-38.jpg', NULL),
(656, 'INC11289252', '2024-07-04 08:52:33', 'Ticket Submited. Category: ()', 'FEEDER\r\n', '18910208', '', NULL),
(657, 'INC11289252', '2024-07-04 08:53:19', 'Ticket Received', 'Priority of the tiket is set to HSI and assigned to Teknisi.', '22000144', '', NULL),
(658, 'INC11289252', '2024-07-04 08:53:40', 'On Progress', '', '20970061', '', NULL),
(659, 'INC11289252', '2024-07-04 08:54:11', 'Ticket Closed. Progress: 100 %', 'ImbaS GAMAS\r\n', '20970061', 'photo_2024-05-14_13-47-21.jpg', NULL),
(660, 'INC11292886', '2024-07-04 08:56:31', 'Ticket Submited. Category: ()', 'ODC\r\n', '18910208', '', NULL),
(661, 'INC11292886', '2024-07-04 08:57:25', 'Ticket Received', 'Priority of the tiket is set to HSI and assigned to Teknisi.', '22000144', '', NULL),
(662, 'INC11292886', '2024-07-04 08:58:02', 'On Progress', '', '18950607', '', NULL),
(663, 'INC11292886', '2024-07-04 08:58:40', 'Ticket Closed. Progress: 100 %', 'TEMPORER IMBAS GAMAS\r\n', '18950607', 'photo_2024-05-20_16-21-03.jpg', NULL),
(664, 'INC11290715', '2024-07-04 09:02:00', 'Ticket Submited. Category: ()', 'FEEDER\r\n', '18910208', '', NULL),
(665, 'INC11290715', '2024-07-04 09:02:57', 'Ticket Received', 'Priority of the tiket is set to HSI and assigned to Teknisi.', '22000144', '', NULL),
(666, 'INC11290715', '2024-07-04 09:03:15', 'On Progress', '', '20970061', '', NULL),
(667, 'INC11290715', '2024-07-04 09:03:55', 'Ticket Closed. Progress: 100 %', 'ImbaS GAMAS\r\n', '20970061', 'photo_2024-07-04_09-01-45.jpg', NULL),
(668, 'INC11296262', '2024-07-04 09:32:42', 'Ticket Submited. Category: ()', 'LOGIC\r\n', '18910208', '', NULL),
(669, 'INC11296262', '2024-07-04 09:34:16', 'Ticket Received', 'Priority of the tiket is set to VOICE and assigned to Teknisi.', '22000144', '', NULL),
(670, 'INC11296262', '2024-07-04 09:35:06', 'On Progress', '', '19940153', '', NULL),
(671, 'INC11296262', '2024-07-04 09:36:49', 'Ticket Closed. Progress: 100 %', 'Reconfig voip, layanan ok kembali\r\n', '19940153', 'photo_2024-05-14_13-47-22.jpg', NULL),
(672, 'INC11312558', '2024-07-04 09:47:18', 'Ticket Submited. Category: ()', 'ONT\r\n', '18910208', '', NULL),
(673, 'INC11312558', '2024-07-04 09:48:00', 'Ticket Received', 'Priority of the tiket is set to HSI and assigned to Teknisi.', '22000144', '', NULL),
(674, 'INC11312558', '2024-07-04 09:48:58', 'On Progress', '', '20940762', '', NULL),
(675, 'INC11302528', '2024-07-04 09:52:05', 'Ticket Submited. Category: ()', 'DROPCORE\r\n', '18910208', '', NULL),
(676, 'INC11302528', '2024-07-04 09:55:09', 'Ticket Received', 'Priority of the tiket is set to HSI and assigned to Teknisi.', '22000144', '', NULL),
(677, 'INC11302528', '2024-07-04 09:56:16', 'On Progress', '', '19940153', '', NULL),
(678, 'INC11302528', '2024-07-04 09:57:09', 'Ticket Closed. Progress: 100 %', 'Sambung ulang drop core\r\n', '19940153', 'photo_2024-07-04_09-45-55.jpg', NULL),
(679, 'INC11307410', '2024-07-04 10:23:42', 'Ticket Submited. Category: ()', 'ONT\r\n', '18910208', '', NULL),
(680, 'INC11307410', '2024-07-04 10:24:36', 'Ticket Received', 'Priority of the tiket is set to HSI and assigned to Teknisi.', '22000144', '', NULL),
(681, 'INC11307410', '2024-07-04 10:25:33', 'On Progress', '', '19970172', '', NULL),
(682, 'INC11307410', '2024-07-04 10:26:01', 'Ticket Closed. Progress: 100 %', 'Conful pelurusan profile PCRF imbas migrasi domain b2b\r\n', '19970172', 'photo_2024-07-04_10-20-37.jpg', NULL),
(683, 'INC11327500', '2024-07-04 10:30:36', 'Ticket Submited. Category: ()', 'DISTRIBUSI\r\n', '18910208', '', NULL),
(684, 'INC11327500', '2024-07-04 10:31:16', 'Ticket Received', 'Priority of the tiket is set to VOICE and assigned to Teknisi.', '22000144', '', NULL),
(685, 'INC11327500', '2024-07-04 10:32:14', 'On Progress', '', '19970172', '', NULL),
(686, 'INC11327500', '2024-07-04 10:32:52', 'Ticket Closed. Progress: 100 %', 'Sambung ulang distribusi\r\n', '19970172', 'photo_2024-07-04_10-22-23.jpg', NULL),
(687, 'INC11336021', '2024-07-04 10:36:53', 'Ticket Submited. Category: ()', 'ONT\r\n', '18910208', '', NULL),
(688, 'INC11336021', '2024-07-04 10:37:56', 'Ticket Received', 'Priority of the tiket is set to VOICE and assigned to Teknisi.', '22000144', '', NULL),
(689, 'INC11336021', '2024-07-04 10:38:18', 'On Progress', '', '19970172', '', NULL),
(690, 'INC11336021', '2024-07-04 10:38:44', 'Ticket Closed. Progress: 100 %', 'Ganti adaptor\r\n', '19970172', 'photo_2024-07-04_10-35-54.jpg', NULL),
(691, 'INC11333661', '2024-07-04 10:42:42', 'Ticket Submited. Category: ()', 'ONT\r\n', '18910208', '', NULL),
(692, 'INC11333661', '2024-07-04 10:43:26', 'Ticket Received', 'Priority of the tiket is set to HSI and assigned to Teknisi.', '22000144', '', NULL),
(693, 'INC11333661', '2024-07-04 10:44:06', 'On Progress', '', '18950833', '', NULL),
(694, 'INC11333661', '2024-07-04 10:44:34', 'Ticket Closed. Progress: 100 %', 'Ganti ont, imbas rusak matot, layanan normal kembal\r\n', '18950833', 'photo_2024-07-04_10-41-09.jpg', NULL),
(695, 'INC11333656', '2024-07-04 10:47:01', 'Ticket Submited. Category: ()', 'ONT\r\n', '18910208', '', NULL),
(696, 'INC11333656', '2024-07-04 10:47:35', 'Ticket Received', 'Priority of the tiket is set to VOICE and assigned to Teknisi.', '22000144', '', NULL),
(697, 'INC11333656', '2024-07-04 10:48:20', 'On Progress', '', '18950833', '', NULL),
(698, 'INC11333656', '2024-07-04 10:50:04', 'Ticket Closed. Progress: 100 %', 'ADAPTOR ONT RUSAK GANTI ADAPTOR ONT LAYANAN NORMAL KEMBALI/\r\n', '18950833', 'photo_2024-05-25_13-25-10.jpg', NULL),
(699, 'INC11353274', '2024-07-05 08:54:03', 'Ticket Submited. Category: ()', 'ONT', '18910208', '', NULL),
(700, 'INC11353274', '2024-07-05 08:56:18', 'Ticket Received', 'Priority of the tiket is set to HSI and assigned to Teknisi.', '22000144', '', NULL),
(701, 'INC11353274', '2024-07-05 08:57:29', 'On Progress', '', '20930023', '', NULL),
(702, 'INC11353274', '2024-07-05 08:58:33', 'Ticket Closed. Progress: 100 %', 'Sbs / close / INC11353274 / 152301108512 / perapian ikr + pembersihan coupler diodp / bges darmo  SQM unspec\r\n', '20930023', 'photo_2024-07-05_08-51-04.jpg', NULL),
(703, 'INC11380007', '2024-07-05 09:05:36', 'Ticket Submited. Category: ()', 'ONT\r\n', '18910208', '', NULL),
(704, 'INC11380007', '2024-07-05 09:06:51', 'Ticket Received', 'Priority of the tiket is set to HSI and assigned to Teknisi.', '22000144', '', NULL),
(705, 'INC11380007', '2024-07-05 09:07:32', 'On Progress', '', '20930023', '', NULL),
(706, 'INC11380007', '2024-07-05 09:08:34', 'Ticket Closed. Progress: 100 %', 'CLOSE/INC11380007/152301220577/BYPASS LAYANAN NORMAL EDUKASI PELANGGAN PERANGKAT PELANGGAN YANG BERMASALAH/BGES DMO\r\n', '20930023', 'photo_2024-07-05_09-03-58.jpg', NULL),
(707, 'INC11448322', '2024-07-05 09:12:47', 'Ticket Submited. Category: ()', 'ONT\r\n\r\n', '18910208', '', NULL),
(708, 'INC11448322', '2024-07-05 09:16:17', 'Ticket Received', 'Priority of the tiket is set to HSI and assigned to Teknisi.', '22000144', '', NULL),
(709, 'INC11448322', '2024-07-05 09:19:38', 'On Progress', '', '20940762', '', NULL),
(710, 'INC10501487', '2024-07-05 09:26:59', 'Ticket Submited. Category: ()', 'OTB\r\n', '18910208', '', NULL),
(711, 'INC10501487', '2024-07-05 09:27:32', 'Ticket Received', 'Priority of the tiket is set to K3 and assigned to Teknisi.', '22000144', '', NULL),
(712, 'INC10501487', '2024-07-05 09:28:14', 'On Progress', '', '20920028', '', NULL),
(713, 'INC10501487', '2024-07-05 09:29:06', 'Ticket Closed. Progress: 100 %', 'Sambung ulang core OTB\r\n', '20920028', 'photo_2024-07-05_09-22-55.jpg', NULL),
(714, 'INC11446780', '2024-07-05 09:32:01', 'Ticket Submited. Category: ()', 'DISTRIBUSI\r\n', '18910208', '', NULL),
(715, 'INC11446780', '2024-07-05 09:32:40', 'Ticket Received', 'Priority of the tiket is set to HSI and assigned to Teknisi.', '22000144', '', NULL),
(716, 'INC11446780', '2024-07-05 09:33:24', 'On Progress', '', '18900157', '', NULL),
(717, 'INC11446780', '2024-07-05 09:34:14', 'Ticket Closed. Progress: 100 %', 'Sambung KU\r\n', '18900157', 'photo_2024-05-28_10-52-07.jpg', NULL),
(718, 'INC10989891', '2024-07-05 09:42:28', 'Ticket Submited. Category: ()', 'DISTRIBUSI\r\n', '18910208', '', NULL),
(719, 'INC10989891', '2024-07-05 09:43:25', 'Ticket Received', 'Priority of the tiket is set to K3 and assigned to Teknisi.', '22000144', '', NULL),
(720, 'INC10989891', '2024-07-05 09:44:26', 'On Progress', '', '20920028', '', NULL),
(721, 'INC10989891', '2024-07-05 09:44:57', 'Ticket Closed. Progress: 100 %', 'Sambung ulang distribusi di odp\r\n', '20920028', 'photo_2024-07-05_09-40-59.jpg', NULL),
(722, 'INC11451313', '2024-07-05 09:48:50', 'Ticket Submited. Category: ()', 'ONT\r\n', '18910208', '', NULL),
(723, 'INC11452250', '2024-07-05 09:58:30', 'Ticket Submited. Category: ()', 'DROPCORE\r\n', '18910208', '', NULL),
(724, 'INC11451313', '2024-07-05 10:00:22', 'Ticket Received', 'Priority of the tiket is set to HSI and assigned to Teknisi.', '22000144', '', NULL),
(725, 'INC11452250', '2024-07-05 10:00:52', 'Ticket Received', 'Priority of the tiket is set to HSI and assigned to Teknisi.', '22000144', '', NULL),
(726, 'INC11451313', '2024-07-05 10:01:25', 'On Progress', '', '18910245', '', NULL),
(727, 'INC11451313', '2024-07-05 10:01:57', 'Ticket Closed. Progress: 100 %', 'Ganti power ont\r\n', '18910245', 'photo_2024-07-05_09-46-20.jpg', NULL),
(728, 'INC11452250', '2024-07-05 10:02:34', 'On Progress', '', '20870010', '', NULL),
(729, 'INC11452250', '2024-07-05 10:03:07', 'Ticket Closed. Progress: 100 %', 'Sambung dc dan perapian ikr\r\n', '20870010', 'photo_2024-07-05_09-56-09.jpg', NULL),
(730, 'INC11454765', '2024-07-05 10:05:05', 'Ticket Submited. Category: ()', 'CPE\r\n', '18910208', '', NULL),
(731, 'INC11454765', '2024-07-05 10:05:56', 'Ticket Received', 'Priority of the tiket is set to VOICE and assigned to Teknisi.', '22000144', '', NULL),
(732, 'INC11454765', '2024-07-05 10:06:30', 'On Progress', '', '19930170', '', NULL),
(733, 'INC11454765', '2024-07-05 10:06:57', 'Ticket Closed. Progress: 100 %', 'Call cp informasi kan layanan sudah normal kembali\r\n', '19930170', 'photo_2024-07-05_10-04-20.jpg', NULL),
(734, 'INC11447486', '2024-07-05 10:09:47', 'Ticket Submited. Category: ()', 'IKR / IKG\r\n', '18910208', '', NULL),
(735, 'INC11447486', '2024-07-05 10:10:33', 'Ticket Received', 'Priority of the tiket is set to VOICE and assigned to Teknisi.', '22000144', '', NULL),
(736, 'INC11447486', '2024-07-05 10:11:01', 'On Progress', '', '18950607', '', NULL),
(737, 'INC11447486', '2024-07-05 10:11:24', 'Ticket Closed. Progress: 100 %', 'Kabel telfon terlepas . Tata ulang ikr\r\n', '18950607', 'photo_2024-07-05_10-09-07.jpg', NULL),
(738, 'INC11448789', '2024-07-05 10:18:44', 'Ticket Submited. Category: ()', 'ONT\r\n', '18910208', '', NULL),
(739, 'INC11448789', '2024-07-05 10:19:47', 'Ticket Received', 'Priority of the tiket is set to HSI and assigned to Teknisi.', '22000144', '', NULL),
(740, 'INC11448789', '2024-07-05 10:21:04', 'On Progress', '', '19970172', '', NULL),
(741, 'INC11448789', '2024-07-05 10:21:33', 'Ticket Closed. Progress: 100 %', 'Ganti ont zte (bekas), layanan normal kembali\r\n', '19970172', 'photo_2024-07-05_10-17-47.jpg', NULL),
(742, 'INC11455069', '2024-07-05 10:24:45', 'Ticket Submited. Category: ()', 'LOGIC\r\n', '18910208', '', NULL),
(743, 'INC11455069', '2024-07-05 10:25:40', 'Ticket Received', 'Priority of the tiket is set to VOICE and assigned to Teknisi.', '22000144', '', NULL),
(744, 'INC11455069', '2024-07-05 10:30:01', 'On Progress', '', '18810028', '', NULL),
(745, 'INC11455069', '2024-07-05 10:30:14', 'On Progress', '', '18810028', '', NULL),
(746, 'INC11455069', '2024-07-05 10:30:58', 'Ticket Closed. Progress: 100 %', 'Config tanem voice di phone 2\r\n', '18810028', 'photo_2024-07-05_10-23-50.jpg', NULL),
(747, 'INC11457946', '2024-07-05 13:50:50', 'Ticket Submited. Category: ()', 'ONT\r\n', '18910208', '', NULL),
(748, 'INC11457946', '2024-07-05 13:51:38', 'Ticket Received', 'Priority of the tiket is set to HSI and assigned to Teknisi.', '22000144', '', NULL),
(749, 'INC11457946', '2024-07-05 13:52:28', 'On Progress', '', '18950607', '', NULL),
(750, 'INC11457946', '2024-07-05 13:52:58', 'Ticket Closed. Progress: 100 %', 'Ganti ont 1 bh dan config ulang\r\n', '18950607', 'photo_2024-07-05_13-49-49.jpg', NULL),
(751, 'INC11464789', '2024-07-05 13:57:06', 'Ticket Submited. Category: ()', 'IKR / IKG\r\n', '18910208', '', NULL),
(752, 'INC11464789', '2024-07-05 13:58:15', 'Ticket Received', 'Priority of the tiket is set to VOICE and assigned to Teknisi.', '22000144', '', NULL),
(753, 'INC11464789', '2024-07-05 13:59:03', 'On Progress', '', '20960031', '', NULL),
(754, 'INC11464789', '2024-07-05 13:59:36', 'Ticket Closed. Progress: 100 %', 'Tarik kabel RJ 11\r\n', '20960031', 'photo_2024-07-05_13-56-28.jpg', NULL),
(755, 'INC11446641', '2024-07-05 14:08:22', 'Ticket Submited. Category: ()', 'DROPCORE\r\n', '18910208', '', NULL),
(756, 'INC11446641', '2024-07-05 14:09:39', 'Ticket Received', 'Priority of the tiket is set to VOICE and assigned to Teknisi.', '22000144', '', NULL),
(757, 'INC11446641', '2024-07-05 14:10:30', 'On Progress', '', '19940153', '', NULL),
(758, 'INC11446641', '2024-07-05 14:10:59', 'Ticket Closed. Progress: 100 %', 'Tarik ulang spare dropcore + sambung ulang 1sisi\r\n', '19940153', 'photo_2024-07-05_14-07-26.jpg', NULL),
(759, 'INC12208254', '2024-07-10 09:55:51', 'Ticket Submited. Category: ()', 'ODC', '17900219', '', NULL),
(760, 'INC12208254', '2024-07-10 09:57:13', 'Ticket Received', 'Priority of the tiket is set to HSI and assigned to Teknisi.', '22000144', '', NULL),
(761, 'INC12208254', '2024-07-10 09:57:41', 'On Progress', '', '18950607', '', NULL),
(762, 'INC12208254', '2024-07-10 09:58:29', 'Ticket Closed. Progress: 100 %', 'Pemebrsihan konektor diodc . Imbas valin\r\n', '18950607', 'photo_2024-06-15_16-28-57_(2).jpg', NULL),
(763, 'INC12197108', '2024-07-10 10:16:00', 'Ticket Submited. Category: ()', 'DROPCORE\r\n', '17900219', '', NULL),
(764, 'INC12197108', '2024-07-10 10:18:11', 'Ticket Received', 'Priority of the tiket is set to HSI and assigned to Teknisi.', '22000144', '', NULL),
(765, 'INC12197108', '2024-07-10 10:20:14', 'On Progress', '', '20870085', '', NULL),
(766, 'INC12197108', '2024-07-10 10:21:25', 'Ticket Closed. Progress: 100 %', 'Tarik spare dc+sambung\r\n', '20870085', 'photo_2024-06-15_11-58-49_(2).jpg', NULL),
(767, 'INC12193360', '2024-07-10 10:32:57', 'Ticket Submited. Category: ()', 'LOGIC\r\n', '17900219', '', NULL),
(768, 'INC12193360', '2024-07-10 10:34:21', 'Ticket Received', 'Priority of the tiket is set to HSI and assigned to Teknisi.', '22000144', '', NULL),
(769, 'INC12193360', '2024-07-10 10:34:24', 'Ticket Received', 'Priority of the tiket is set to HSI and assigned to Teknisi.', '22000144', '', NULL),
(770, 'INC12193360', '2024-07-10 10:34:57', 'On Progress', '', '20870085', '', NULL),
(771, 'INC12193360', '2024-07-10 10:35:40', 'Ticket Closed. Progress: 100 %', 'Setting ONT + config ulang layanan\r\n', '20870085', 'photo_2024-06-15_10-33-22.jpg', NULL),
(772, 'INC12264785', '2024-07-10 10:45:46', 'Ticket Submited. Category: ()', 'DROPCORE\r\n', '17900219', '', NULL),
(773, 'INC12264785', '2024-07-10 10:46:53', 'Ticket Received', 'Priority of the tiket is set to HSI and assigned to Teknisi.', '22000144', '', NULL),
(774, 'INC12264785', '2024-07-10 10:46:59', 'Ticket Received', 'Priority of the tiket is set to HSI and assigned to Teknisi.', '22000144', '', NULL),
(775, 'INC12264785', '2024-07-10 10:47:07', 'Ticket Received', 'Priority of the tiket is set to HSI and assigned to Teknisi.', '22000144', '', NULL),
(776, 'INC12264785', '2024-07-10 10:47:14', 'Ticket Received', 'Priority of the tiket is set to HSI and assigned to Teknisi.', '22000144', '', NULL),
(777, 'INC12264785', '2024-07-10 10:48:21', 'On Progress', '', '19940151', '', NULL),
(778, 'INC12264785', '2024-07-10 10:49:05', 'Ticket Closed. Progress: 100 %', 'SAMBUNG DC\r\n', '19940151', 'photo_2024-06-17_10-08-35.jpg', NULL),
(779, 'INC12265613', '2024-07-10 10:53:14', 'Ticket Submited. Category: ()', 'DROPCORE\r\n', '17900219', '', NULL),
(780, 'INC12265613', '2024-07-10 10:54:05', 'Ticket Received', 'Priority of the tiket is set to HSI and assigned to Teknisi.', '22000144', '', NULL),
(781, 'INC12279577', '2024-07-10 13:11:05', 'Ticket Submited. Category: ()', 'DROPCORE\r\n', '17900219', '', NULL),
(782, 'INC12279577', '2024-07-10 13:11:51', 'Ticket Received', 'Priority of the tiket is set to HSI and assigned to Teknisi.', '22000144', '', NULL),
(783, 'INC12279577', '2024-07-10 13:12:17', 'On Progress', '', '18900157', '', NULL),
(784, 'INC12279577', '2024-07-10 13:13:21', 'Ticket Closed. Progress: 100 %', 'SAMBUNG DC\r\n', '18900157', 'photo_2024-06-17_17-03-52.jpg', NULL),
(785, 'INC12267255', '2024-07-10 13:34:28', 'Ticket Submited. Category: ()', 'DROPCORE\r\n', '17900219', '', NULL),
(786, 'INC12267255', '2024-07-10 13:41:45', 'Ticket Received', 'Priority of the tiket is set to K2 and assigned to Teknisi.', '22000144', '', NULL),
(787, 'INC12303242', '2024-07-10 13:47:41', 'Ticket Submited. Category: ()', 'DROPCORE\r\n', '17900219', '', NULL),
(788, 'INC12303242', '2024-07-10 13:48:47', 'Ticket Received', 'Priority of the tiket is set to HSI and assigned to Teknisi.', '22000144', '', NULL),
(789, 'INC12303242', '2024-07-10 13:49:12', 'On Progress', '', '18890075', '', NULL),
(790, 'INC12303242', '2024-07-10 13:49:52', 'Ticket Closed. Progress: 100 %', 'SAMBUNG DC\r\n', '18890075', 'photo_2024-06-18_10-29-49_(2).jpg', NULL),
(791, 'INC12306014', '2024-07-10 13:52:18', 'Ticket Submited. Category: ()', 'DROPCORE\r\n', '17900219', '', NULL),
(792, 'INC12306014', '2024-07-10 13:53:13', 'Ticket Received', 'Priority of the tiket is set to HSI and assigned to Teknisi.', '22000144', '', NULL),
(793, 'INC12306014', '2024-07-10 13:53:39', 'On Progress', '', '20970061', '', NULL),
(794, 'INC12306014', '2024-07-10 13:54:10', 'Ticket Closed. Progress: 100 %', 'SAMBUNG ULANG\r\n', '20970061', 'photo_2024-06-18_11-51-28.jpg', NULL),
(795, 'INC12307189', '2024-07-10 13:56:22', 'Ticket Submited. Category: ()', 'DROPCORE\r\n', '17900219', '', NULL),
(796, 'INC12308570', '2024-07-10 14:07:58', 'Ticket Submited. Category: ()', 'DROPCORE\r\n', '17900219', '', NULL),
(797, 'INC12308570', '2024-07-10 14:09:00', 'Ticket Received', 'Priority of the tiket is set to HSI and assigned to Teknisi.', '22000144', '', NULL),
(798, 'INC12308570', '2024-07-10 14:09:26', 'On Progress', '', '18950833', '', NULL),
(799, 'INC12308570', '2024-07-10 14:09:52', 'Ticket Closed. Progress: 100 %', 'SAMBUNG DC\r\n', '18950833', 'photo_2024-06-18_11-44-05_(2).jpg', NULL),
(800, 'INC12318498', '2024-07-10 14:14:04', 'Ticket Submited. Category: ()', 'ONT\r\n', '17900219', '', NULL),
(801, 'INC12318498', '2024-07-10 14:15:03', 'Ticket Received', 'Priority of the tiket is set to HSI and assigned to Teknisi.', '22000144', '', NULL),
(802, 'INC12318498', '2024-07-10 14:15:34', 'On Progress', '', '20940020', '', NULL),
(803, 'INC12318498', '2024-07-10 14:15:59', 'Ticket Closed. Progress: 100 %', 'LAIN-LAIN\r\n', '20940020', 'photo_2024-06-18_15-51-24_(2).jpg', NULL),
(804, 'INC12320006', '2024-07-10 14:18:54', 'Ticket Submited. Category: ()', 'LAIN LAIN\r\n', '17900219', '', NULL),
(805, 'INC12320006', '2024-07-10 14:33:07', 'Ticket Received', 'Priority of the tiket is set to VOICE and assigned to Teknisi.', '22000144', '', NULL),
(806, 'INC12320006', '2024-07-10 14:34:08', 'On Progress', '', '20960020', '', NULL),
(807, 'INC12320006', '2024-07-10 14:34:41', 'Ticket Closed. Progress: 100 %', 'BYPASS LAYANAN\r\n', '20960020', 'photo_2024-06-18_15-19-13_(2).jpg', NULL),
(808, 'INC12321802', '2024-07-10 14:36:56', 'Ticket Submited. Category: ()', 'ONT\r\n', '17900219', '', NULL),
(809, 'INC12321802', '2024-07-10 14:37:36', 'Ticket Received', 'Priority of the tiket is set to VOICE and assigned to Teknisi.', '22000144', '', NULL),
(810, 'INC12325319', '2024-07-10 14:40:15', 'Ticket Submited. Category: ()', 'LAIN LAIN\r\n', '17900219', '', NULL),
(811, 'INC12325319', '2024-07-10 14:41:01', 'Ticket Received', 'Priority of the tiket is set to VOICE and assigned to Teknisi.', '22000144', '', NULL),
(812, 'INC12325319', '2024-07-10 14:41:47', 'On Progress', '', '18830044', '', NULL),
(813, 'INC12325319', '2024-07-10 14:42:23', 'Ticket Closed. Progress: 100 %', 'LAIN-LAIN\r\n', '18830044', 'photo_2024-06-18_17-16-06.jpg', NULL),
(814, 'INC12328040', '2024-07-10 14:45:16', 'Ticket Submited. Category: ()', 'LAIN LAIN\r\n', '17900219', '', NULL),
(815, 'INC12333243', '2024-07-10 14:48:47', 'Ticket Submited. Category: ()', 'ONT\r\n', '17900219', '', NULL),
(816, 'INC12333243', '2024-07-10 14:49:35', 'Ticket Received', 'Priority of the tiket is set to HSI and assigned to Teknisi.', '22000144', '', NULL),
(817, 'INC12333243', '2024-07-10 14:50:08', 'On Progress', '', '20960020', '', NULL),
(818, 'INC12333243', '2024-07-10 14:50:39', 'Ticket Closed. Progress: 100 %', 'EDUKASI PELANGGAN\r\n', '20960020', 'photo_2024-06-19_09-24-04_(2).jpg', NULL),
(819, 'INC12346652', '2024-07-10 14:52:19', 'Ticket Submited. Category: ()', 'LOGIC\r\n', '17900219', '', NULL),
(820, 'INC1234555', '2024-07-11 09:12:50', 'Ticket Submited. Category: ()', 'LOS', '17900219', '', NULL),
(821, 'INC1234555', '2024-07-11 09:18:00', 'Ticket Received', 'Priority of the tiket is set to HSI and assigned to Teknisi.', '20971111', '', NULL),
(822, 'INC1234555', '2024-07-11 09:19:26', 'On Progress', '', '19970172', '', NULL),
(823, 'INC1234555', '2024-07-11 09:21:20', 'Ticket Closed. Progress: 100 %', 'LOS', '19970172', 'photo_2024-06-18_17-16-06_(2).jpg', NULL),
(825, 'INC12349308', '2024-07-11 10:45:40', 'Ticket Submited. Category: ()', 'Isi Deskripsi', '17900219', '', NULL),
(826, 'INC12356466', '2024-07-11 11:19:23', 'Ticket Submited. Category: ()', 'Isi Deskripsi', '17900219', '', NULL),
(827, 'INC12307189', '2024-07-11 16:11:20', 'Ticket Received', 'Priority of the tiket is set to HSI and assigned to Teknisi.', '22000144', '', NULL),
(828, 'INC12307189', '2024-07-11 16:11:36', 'On Progress', '', '20960020', '', NULL),
(829, 'INC12307189', '2024-07-12 10:09:20', 'Progress: 0 %', 'Tes', '20960020', 'photo_2024-06-19_11-35-29.jpg', NULL),
(830, 'INC12307189', '2024-07-12 10:09:20', 'Progress: 0 %', 'Tes', '20960020', 'photo_2024-06-19_11-35-291.jpg', NULL),
(831, 'INC12307189', '2024-07-12 10:09:57', 'Ticket Closed. Progress: 100 %', 'Anjay', '20960020', 'photo_2024-06-19_09-36-38.jpg', 14),
(832, 'INC12328040', '2024-07-12 11:16:35', 'Ticket Received', 'Priority of the tiket is set to HSI and assigned to Teknisi.', '22000144', '', NULL),
(833, 'INC12328040', '2024-07-12 11:16:48', 'On Progress', '', '20960020', '', NULL),
(834, 'INC12328040', '2024-07-14 17:58:44', 'Ticket Closed. Progress: 100 %', '1', '20960020', 'photo_2024-06-18_11-44-05_(2)1.jpg', 17),
(835, 'INC12346652', '2024-07-14 18:11:08', 'Ticket Received', 'Priority of the tiket is set to HSI and assigned to Teknisi.', '22000144', '', NULL),
(836, 'INC12346652', '2024-07-14 18:11:26', 'On Progress', '', '20960020', '', NULL),
(837, 'INC12346652', '2024-07-15 08:50:35', 'Ticket Closed. Progress: 100 %', 'Isi Deskripsi', '20960020', 'photo_2024-06-18_17-16-06_(3).jpg', 14),
(838, 'INC12349308', '2024-07-15 08:56:26', 'Ticket Received', 'Priority of the tiket is set to HSI and assigned to Teknisi.', '22000144', '', NULL),
(839, 'INC12349308', '2024-07-15 08:56:28', 'Ticket Received', 'Priority of the tiket is set to HSI and assigned to Teknisi.', '22000144', '', NULL),
(840, 'INC12349308', '2024-07-15 08:56:49', 'On Progress', '', '20960020', '', NULL),
(841, 'INC12349308', '2024-07-15 09:23:30', 'Ticket Closed. Progress: 100 %', '', '20960020', 'photo_2024-06-18_10-42-25.jpg', 13),
(842, 'INC12356466', '2024-07-15 09:24:06', 'Ticket Received', 'Priority of the tiket is set to HSI and assigned to Teknisi.', '22000144', '', NULL),
(843, 'INC12356466', '2024-07-15 09:24:30', 'On Progress', '', '20960020', '', NULL),
(844, 'INC12356466', '2024-07-15 09:25:02', 'Ticket Closed. Progress: 100 %', '', '20960020', 'photo_2024-06-18_10-42-251.jpg', 8),
(845, 'INC12781875', '2024-07-15 09:30:47', 'Ticket Received', 'Priority of the tiket is set to HSI and assigned to Teknisi.', '22000144', '', NULL),
(846, 'INC12781875', '2024-07-15 09:31:25', 'On Progress', '', '20960020', '', NULL),
(847, 'INC12781875', '2024-07-15 10:28:58', 'Ticket Closed. Progress: 100 %', '5', '20960020', 'photo_2024-06-18_11-51-281.jpg', 2),
(848, 'INC2130131231', '2024-07-15 10:31:18', 'Ticket Submited. Category: ()', 'Isi Deskripsi', '17900219', '', NULL),
(849, 'INC2130131231', '2024-07-15 10:31:49', 'Ticket Received', 'Priority of the tiket is set to HSI and assigned to Teknisi.', '22000144', '', NULL),
(850, 'INC2130131231', '2024-07-15 10:32:03', 'On Progress', '', '20960020', '', NULL),
(851, 'INC2130131231', '2024-07-15 10:33:09', 'Ticket Closed. Progress: 100 %', '6', '20960020', 'photo_2024-06-18_10-42-252.jpg', 7),
(852, 'INC567123', '2024-07-15 13:31:40', 'Ticket Received', 'Priority of the tiket is set to K3 and assigned to Teknisi.', '22000144', '', NULL),
(853, 'INC567123', '2024-07-15 13:32:54', 'On Progress', '', '20960020', '', NULL),
(855, 'INC567123', '2024-07-15 13:42:07', 'Ticket Closed. Progress: 100 %', '6', '20960020', 'photo_2024-06-18_11-44-05_(2)2.jpg', 17),
(856, 'INC2134532', '2024-07-15 13:44:00', 'Ticket Submited. Category: ()', 'Isi Deskripsi', '17900219', '', NULL),
(857, 'INC2134532', '2024-07-15 13:44:27', 'Ticket Received', 'Priority of the tiket is set to HSI and assigned to Teknisi.', '22000144', '', NULL),
(858, 'INC2134532', '2024-07-15 13:44:47', 'On Progress', '', '20960020', '', NULL),
(860, 'INC2134532', '2024-07-15 13:46:19', 'Progress: 40 %', '5', '20960020', 'photo_2024-06-18_10-42-261.jpg', NULL),
(861, 'INC2134532', '2024-07-15 13:46:51', 'Progress: 40 %', '6', '20960020', 'photo_2024-06-19_09-24-04_(2)1.jpg', NULL),
(862, 'INC2134532', '2024-07-15 13:47:20', 'Progress: 60 %', '5', '20960020', 'photo_2024-06-19_09-36-381.jpg', NULL),
(863, 'coba', '2024-07-18 10:43:06', 'Ticket Submited. Category: ()', 'As', '17900219', '', NULL),
(875, 'INC13964190', '2024-07-25 09:57:17', 'Ticket Submited. Category: VOICE', 'Customer Assign', '17900219', '', NULL),
(876, 'INC13961240', '2024-07-25 08:58:14', 'Ticket Submited. Category: INTERNET', '', '17900219', '', NULL),
(877, 'INC13960787', '2024-07-25 08:48:06', 'Ticket Submited. Category: INTERNET', 'Customer Assign', '17900219', '', NULL),
(878, 'INC13960315', '2024-07-25 08:37:46', 'Ticket Submited. Category: INTERNET', 'Customer Assign', '17900219', '', NULL),
(879, 'INC13932423', '0000-00-00 00:00:00', 'Ticket Submited. Category: VOICE', 'Customer Assign', '17900219', '', NULL),
(880, 'INC1232154', '0000-00-00 00:00:00', 'Ticket Submited. Category: INTERNET', '', '17900219', '', NULL),
(881, 'INC139683930', '0000-00-00 00:00:00', 'Ticket Submited. Category: INTERNET', 'Customer Assign', '17900219', '', NULL),
(882, 'INC13932902', '0000-00-00 00:00:00', 'Ticket Submited. Category: INTERNET', 'Customer Assign', '17900219', '', NULL),
(883, 'coba', '2024-07-30 08:21:59', 'Ticket Received', 'Priority of the tiket is set to K2 and assigned to Teknisi.', '22000144', '', NULL),
(884, 'coba', '2024-07-30 08:22:32', 'On Progress', '', '20960020', '', NULL),
(885, 'INC1232154', '2024-07-30 04:23:12', 'Ticket Received', 'Priority of the tiket is set to HSI and assigned to Teknisi.', '22000144', '', NULL),
(886, 'INC1232154', '2024-07-30 05:01:13', 'On Progress', '', '18810028', '', NULL),
(887, 'INC1232154', '2024-07-30 05:01:14', 'On Progress', '', '18810028', '', NULL),
(888, 'INC1232154', '2024-07-30 05:01:16', 'On Progress', '', '18810028', '', NULL),
(889, 'INC1232154', '2024-07-30 05:01:18', 'On Progress', '', '18810028', '', NULL),
(890, 'INC1232154', '2024-07-30 05:34:29', 'Ticket Closed. Progress: 100 %', '4', '18810028', 'photo_2024-06-19_09-24-04_(2)2.jpg', 13),
(891, 'INC9283201', '2024-07-30 08:41:05', 'Ticket Submited. Category: ()', 'Isi Deskripsi Create Ticket', '17900219', '', NULL),
(892, 'INC928320123', '2024-07-30 08:42:05', 'Ticket Submited. Category: ()', 'Isi Deskripsi', '17900219', '', NULL),
(893, 'INC9283201', '2024-07-30 08:47:16', 'Ticket Received', 'Priority of the tiket is set to HSI and assigned to Teknisi.', '22000144', '', NULL),
(894, 'INC9283201', '2024-07-30 08:47:40', 'On Progress', '', '20960020', '', NULL),
(895, 'INC9283201', '2024-07-30 08:48:15', 'Ticket Closed. Progress: 100 %', '5', '20960020', 'photo_2024-06-18_11-44-05_(2)3.jpg', 17),
(896, 'INC8888823', '2024-07-30 08:51:32', 'Ticket Submited. Category: ()', 'Isi deskripsi', '17900219', '', NULL),
(897, 'INC8888823', '2024-07-30 08:52:32', 'Ticket Received', 'Priority of the tiket is set to HSI and assigned to Teknisi.', '22000144', '', NULL),
(898, 'INC8888823', '2024-07-30 08:54:06', 'On Progress', '', '20960020', '', NULL),
(899, 'INC8888823', '2024-07-30 08:54:29', 'Ticket Closed. Progress: 100 %', '12', '20960020', 'photo_2024-06-17_11-11-01.jpg', 2),
(900, 'INC8888823', '2024-07-30 08:54:32', 'Ticket Closed. Progress: 100 %', '12', '20960020', 'photo_2024-06-17_11-11-011.jpg', 2),
(903, 'INC03292121', '2024-07-31 06:50:09', 'Ticket Submited. Category: ()', 'Isi Deskripsi', '17900219', '', NULL),
(904, 'INC03292121', '2024-07-31 06:51:19', 'Ticket Received', 'Priority of the tiket is set to HSI and assigned to Teknisi.', '22000144', '', NULL),
(905, 'INC03292121', '2024-07-31 06:51:41', 'On Progress', '', '18900157', '', NULL),
(906, 'INC03292121', '2024-07-31 06:52:00', 'Ticket Closed. Progress: 100 %', '13', '18900157', 'photo_2024-06-18_17-16-061.jpg', 7);

-- --------------------------------------------------------

--
-- Struktur dari tabel `user`
--

CREATE TABLE `user` (
  `id_user` varchar(5) NOT NULL,
  `username` varchar(8) NOT NULL,
  `password` varchar(32) NOT NULL,
  `level` varchar(10) NOT NULL
) ENGINE=InnoDB DEFAULT CHARSET=latin1 COLLATE=latin1_swedish_ci;

--
-- Dumping data untuk tabel `user`
--

INSERT INTO `user` (`id_user`, `username`, `password`, `level`) VALUES
('U0253', 'A000000', '21232f297a57a5a743894a0e4a801fc3', 'Admin'),
('U0260', '2090211', '93f67a6f430a2199ecbfc7f19ae78abb', 'Technician'),
('U0262', '20971111', '5daa6cf969f65e4a0c7b8e02f51d21fc', 'Admin'),
('U0263', '18910208', '6b55541f3625fc2a62a73ea0212360d8', 'User'),
('U0264', '20941126', '9ae2db403f98fc8866430022cd1e99b2', 'Technician'),
('U0265', '20940780', '5e75ba2f5b4e54e76a6c2833135c6838', 'Admin'),
('U0266', '20880126', '55308778d2535dd89efe5af97ec1a66b', 'Technician'),
('U0267', '19890061', 'f13d0b831f7e983b418a6cb5a61e7291', 'Technician'),
('U0268', '19970172', 'f19f9bc5b09607297e3fa3fecea9d7a2', 'Technician'),
('U0269', '20900013', '4df1bf76f59ebc98ac7bace361602072', 'Technician'),
('U0270', '18950833', 'df4eb13fa4562c67dc77e2d9281257b4', 'Technician'),
('U0271', '19910112', '57ce6993d81f6b762d22a1905e8998e9', 'Technician'),
('U0272', '19930165', '0f6420167a4b39cbc06eb19ad21b148a', 'Technician'),
('U0273', '20860005', 'c0b5be8e9a2ffcce5bfa603957d35c87', 'Technician'),
('U0274', '20920028', '0c9f06c5029701717d8daaf5ade9f050', 'Technician'),
('U0275', '18980405', 'c96d256b14ca4aac0968831d957c7a6b', 'Technician'),
('U0276', '20940020', '97f4e661ee2394f054a4ded1cf4a55bf', 'Technician'),
('U0277', '20870010', 'da84cd2b1bb7439959d73f4a41ddce34', 'Technician'),
('U0278', '20960020', '91200a5dd0ed3815755882834cf16492', 'Technician'),
('U0279', '18950920', '1990b1e0f3830542be9c6e845eedca78', 'Technician'),
('U0280', '22000144', '02d7f42f37d028ed76d2ae61f80e3016', 'Admin'),
('U0281', '18830044', '34c47d4c1c9825047f679ce034b448bd', 'Technician'),
('U0282', '20970061', '85b7e4e61996e5a3521470508ff97cac', 'Technician'),
('U0283', '18810028', '9e5b8e8e017c6ae34d45ce4f3b68a4b0', 'Technician'),
('U0284', '20920790', 'f0305dab07ad63e06074d4a6c16c20b9', 'Technician'),
('U0285', '19919111', '8e9638fe61ced08be5a1149bcd3a0cec', 'Technician'),
('U0286', '20930023', '41833c9237ee786fca39e37729543e6a', 'Technician'),
('U0287', '18950607', '63c2380bda2ba70fb7e824cef94cbfdd', 'Technician'),
('U0288', '20960031', 'bbb635941feadba25bf1cd02a27ae36f', 'Technician'),
('U0289', '18910110', '8e055ad03c7d39c17476d134b481d103', 'Technician'),
('U0290', '18930417', 'c08fd63db54e84f5b5aa077bace8ddc8', 'Technician'),
('U0291', '19940151', '84ecc452031da94ea841d4d12b3dc96b', 'Technician'),
('U0292', '19940153', 'd9814972d4de609eac04ebc169934068', 'Technician'),
('U0293', '19930170', 'ccb72273ec93faa6b5b0e6ce8ca16b2e', 'Technician'),
('U0294', '20940762', 'ec457abf88ee95babedaef4ef4d3a179', 'Technician'),
('U0295', '18910245', '29bd75c5c68afb4d9f3421b5d5597eae', 'Technician'),
('U0296', '20870085', 'cff76929402fb5d187d39b0339dea9a1', 'Technician'),
('U0297', '18900157', '761b2909c5042a6b2dd42eab93206fa3', 'Technician'),
('U0298', '20880009', 'a2b43c76d662b46c2d271fad5808ce66', 'Technician'),
('U0299', '18890075', '28ca8413292602811a4d6f344d882933', 'Technician'),
('U0300', '18940727', '26fcd7d1103305529e8de5f9a33180ca', 'Technician'),
('U0301', '17900219', '6a47c8522773df6ae51033265f0160fe', 'User'),
('U0302', '20900332', '9dd31036062011aa50f3243f5a835c4a', 'Admin');

--
-- Indexes for dumped tables
--

--
-- Indeks untuk tabel `absensi`
--
ALTER TABLE `absensi`
  ADD PRIMARY KEY (`nik`);

--
-- Indeks untuk tabel `bagian_departemen`
--
ALTER TABLE `bagian_departemen`
  ADD PRIMARY KEY (`id_bagian_dept`),
  ADD KEY `fk_id_dept` (`id_dept`);

--
-- Indeks untuk tabel `departemen`
--
ALTER TABLE `departemen`
  ADD PRIMARY KEY (`id_dept`);

--
-- Indeks untuk tabel `informasi`
--
ALTER TABLE `informasi`
  ADD PRIMARY KEY (`id_informasi`);

--
-- Indeks untuk tabel `jabatan`
--
ALTER TABLE `jabatan`
  ADD PRIMARY KEY (`id_jabatan`);

--
-- Indeks untuk tabel `jumlah_plgn`
--
ALTER TABLE `jumlah_plgn`
  ADD PRIMARY KEY (`id_jumlah`);

--
-- Indeks untuk tabel `karyawan`
--
ALTER TABLE `karyawan`
  ADD PRIMARY KEY (`nik`),
  ADD KEY `fk_id_bagian_dept` (`id_bagian_dept`),
  ADD KEY `fk_id_jabatan` (`id_jabatan`);

--
-- Indeks untuk tabel `kategori`
--
ALTER TABLE `kategori`
  ADD PRIMARY KEY (`id_kategori`);

--
-- Indeks untuk tabel `kondisi`
--
ALTER TABLE `kondisi`
  ADD PRIMARY KEY (`id_kondisi`);

--
-- Indeks untuk tabel `lokasi`
--
ALTER TABLE `lokasi`
  ADD PRIMARY KEY (`id_lokasi`);

--
-- Indeks untuk tabel `rca`
--
ALTER TABLE `rca`
  ADD PRIMARY KEY (`id_rca`);

--
-- Indeks untuk tabel `rfo`
--
ALTER TABLE `rfo`
  ADD PRIMARY KEY (`id_rfo`);

--
-- Indeks untuk tabel `sub_kategori`
--
ALTER TABLE `sub_kategori`
  ADD PRIMARY KEY (`id_sub_kategori`),
  ADD KEY `fk_id_kategori` (`id_kategori`);

--
-- Indeks untuk tabel `teknisi`
--
ALTER TABLE `teknisi`
  ADD PRIMARY KEY (`id_teknisi`);

--
-- Indeks untuk tabel `ticket`
--
ALTER TABLE `ticket`
  ADD PRIMARY KEY (`id_ticket`);

--
-- Indeks untuk tabel `tracking`
--
ALTER TABLE `tracking`
  ADD PRIMARY KEY (`id_tracking`),
  ADD KEY `fk_id_ticket` (`id_ticket`),
  ADD KEY `fk_id_rfo` (`id_rfo`);

--
-- Indeks untuk tabel `user`
--
ALTER TABLE `user`
  ADD PRIMARY KEY (`id_user`),
  ADD KEY `fk_nik` (`username`);

--
-- AUTO_INCREMENT untuk tabel yang dibuang
--

--
-- AUTO_INCREMENT untuk tabel `bagian_departemen`
--
ALTER TABLE `bagian_departemen`
  MODIFY `id_bagian_dept` int(11) NOT NULL AUTO_INCREMENT, AUTO_INCREMENT=32;

--
-- AUTO_INCREMENT untuk tabel `departemen`
--
ALTER TABLE `departemen`
  MODIFY `id_dept` int(11) NOT NULL AUTO_INCREMENT, AUTO_INCREMENT=15;

--
-- AUTO_INCREMENT untuk tabel `informasi`
--
ALTER TABLE `informasi`
  MODIFY `id_informasi` int(11) NOT NULL AUTO_INCREMENT, AUTO_INCREMENT=12;

--
-- AUTO_INCREMENT untuk tabel `jabatan`
--
ALTER TABLE `jabatan`
  MODIFY `id_jabatan` int(11) NOT NULL AUTO_INCREMENT, AUTO_INCREMENT=136;

--
-- AUTO_INCREMENT untuk tabel `jumlah_plgn`
--
ALTER TABLE `jumlah_plgn`
  MODIFY `id_jumlah` int(11) NOT NULL AUTO_INCREMENT, AUTO_INCREMENT=3;

--
-- AUTO_INCREMENT untuk tabel `kategori`
--
ALTER TABLE `kategori`
  MODIFY `id_kategori` int(11) NOT NULL AUTO_INCREMENT, AUTO_INCREMENT=10;

--
-- AUTO_INCREMENT untuk tabel `kondisi`
--
ALTER TABLE `kondisi`
  MODIFY `id_kondisi` int(11) NOT NULL AUTO_INCREMENT, AUTO_INCREMENT=6;

--
-- AUTO_INCREMENT untuk tabel `lokasi`
--
ALTER TABLE `lokasi`
  MODIFY `id_lokasi` int(11) NOT NULL AUTO_INCREMENT, AUTO_INCREMENT=14;

--
-- AUTO_INCREMENT untuk tabel `rca`
--
ALTER TABLE `rca`
  MODIFY `id_rca` int(11) NOT NULL AUTO_INCREMENT, AUTO_INCREMENT=15;

--
-- AUTO_INCREMENT untuk tabel `rfo`
--
ALTER TABLE `rfo`
  MODIFY `id_rfo` int(11) NOT NULL AUTO_INCREMENT, AUTO_INCREMENT=18;

--
-- AUTO_INCREMENT untuk tabel `sub_kategori`
--
ALTER TABLE `sub_kategori`
  MODIFY `id_sub_kategori` int(11) NOT NULL AUTO_INCREMENT, AUTO_INCREMENT=25;

--
-- AUTO_INCREMENT untuk tabel `tracking`
--
ALTER TABLE `tracking`
  MODIFY `id_tracking` bigint(11) UNSIGNED NOT NULL AUTO_INCREMENT, AUTO_INCREMENT=907;

--
-- Ketidakleluasaan untuk tabel pelimpahan (Dumped Tables)
--

--
-- Ketidakleluasaan untuk tabel `bagian_departemen`
--
ALTER TABLE `bagian_departemen`
  ADD CONSTRAINT `fk_id_dept` FOREIGN KEY (`id_dept`) REFERENCES `departemen` (`id_dept`) ON DELETE CASCADE ON UPDATE CASCADE;

--
-- Ketidakleluasaan untuk tabel `karyawan`
--
ALTER TABLE `karyawan`
  ADD CONSTRAINT `fk_id_bagian_dept` FOREIGN KEY (`id_bagian_dept`) REFERENCES `bagian_departemen` (`id_bagian_dept`) ON DELETE CASCADE ON UPDATE CASCADE,
  ADD CONSTRAINT `fk_id_jabatan` FOREIGN KEY (`id_jabatan`) REFERENCES `jabatan` (`id_jabatan`) ON DELETE CASCADE ON UPDATE CASCADE;

--
-- Ketidakleluasaan untuk tabel `sub_kategori`
--
ALTER TABLE `sub_kategori`
  ADD CONSTRAINT `fk_id_kategori` FOREIGN KEY (`id_kategori`) REFERENCES `kategori` (`id_kategori`) ON DELETE CASCADE ON UPDATE CASCADE;

--
-- Ketidakleluasaan untuk tabel `tracking`
--
ALTER TABLE `tracking`
  ADD CONSTRAINT `fk_id_rfo` FOREIGN KEY (`id_rfo`) REFERENCES `rfo` (`id_rfo`),
  ADD CONSTRAINT `fk_id_ticket` FOREIGN KEY (`id_ticket`) REFERENCES `ticket` (`id_ticket`) ON DELETE CASCADE ON UPDATE CASCADE;

--
-- Ketidakleluasaan untuk tabel `user`
--
ALTER TABLE `user`
  ADD CONSTRAINT `fk_nik` FOREIGN KEY (`username`) REFERENCES `karyawan` (`nik`) ON DELETE CASCADE ON UPDATE CASCADE;
COMMIT;

/*!40101 SET CHARACTER_SET_CLIENT=@OLD_CHARACTER_SET_CLIENT */;
/*!40101 SET CHARACTER_SET_RESULTS=@OLD_CHARACTER_SET_RESULTS */;
/*!40101 SET COLLATION_CONNECTION=@OLD_COLLATION_CONNECTION */;
